path,status,sourceSha256,currentSha256
app/settings/page.tsx,identical,7705D9337FD3C5BA8E035E5CD195747E5382B80359350A440A7428509ADE2DFA,7705D9337FD3C5BA8E035E5CD195747E5382B80359350A440A7428509ADE2DFA
app/tasks/[id]/page.tsx,identical,04BDF351758F94527601158D82BE3BF37954FD80F844AA13E048C9BE90F331A0,04BDF351758F94527601158D82BE3BF37954FD80F844AA13E048C9BE90F331A0
app/tasks/page.tsx,identical,6AB7BE8E38D35816EF96D9D85B4990E11F8A8D5C1637E8B18376F29C9F33136B,6AB7BE8E38D35816EF96D9D85B4990E11F8A8D5C1637E8B18376F29C9F33136B
app/portal/invite/page.tsx,identical,B28872CB944B8FF2B1A8551F32FE1ADD9EDA9A2FDB5A15EFF0441C67EB5FAC58,B28872CB944B8FF2B1A8551F32FE1ADD9EDA9A2FDB5A15EFF0441C67EB5FAC58
app/grading/page.tsx,identical,96F969AFA1DE8D08FC2F0FDCEBC3CFC8630516B8363546BD66194972D1E80D82,96F969AFA1DE8D08FC2F0FDCEBC3CFC8630516B8363546BD66194972D1E80D82
app/classes/new/page.tsx,identical,87BD492809E983A6B4CED7EC89E0CED5E2A9BD2F11614CB91B997C13BC6AB677,87BD492809E983A6B4CED7EC89E0CED5E2A9BD2F11614CB91B997C13BC6AB677
app/classes/[id]/page.tsx,identical,E76500F981E7A867DB27B3E6C290123C8E9026039F2E5236E94D60B8BA8C5880,E76500F981E7A867DB27B3E6C290123C8E9026039F2E5236E94D60B8BA8C5880
app/classes/page.tsx,identical,18F661CEFD6890C198886BBD302EBEC4A4139EAD40331E1CDC409DB2AF1A7728,18F661CEFD6890C198886BBD302EBEC4A4139EAD40331E1CDC409DB2AF1A7728
app/resources/page.tsx,identical,A326B54AA36B777C59F5E9F005E2B9E0033736EA02179C4DD52550ED6F88D38A,A326B54AA36B777C59F5E9F005E2B9E0033736EA02179C4DD52550ED6F88D38A
app/workbench-v2/initial-state.ts,identical,148527F1E727B4B0859D2E1057B82E48BAAEB0B33D1F2CBDEA6211F3BAAAAE39,148527F1E727B4B0859D2E1057B82E48BAAEB0B33D1F2CBDEA6211F3BAAAAE39
app/workbench-v2/invite/[inviteId]/page.tsx,identical,903F4527218171D783A086C766D8E03B84587360D3C4EEF8469907C4BD1BA600,903F4527218171D783A086C766D8E03B84587360D3C4EEF8469907C4BD1BA600
app/workbench-v2/page.tsx,identical,070DD411C4E20F08332A22029FD20182294F1126A677F30201B32A3C87F5D01D,070DD411C4E20F08332A22029FD20182294F1126A677F30201B32A3C87F5D01D
app/workbench-v2/login/page.tsx,identical,E6B55A6BA31F2C6E3E7911CB2B81D0FE27AFD275175E30CB55E5CAE76A81C905,E6B55A6BA31F2C6E3E7911CB2B81D0FE27AFD275175E30CB55E5CAE76A81C905
app/mistakes/page.tsx,identical,9BD493945EFCCC2AC3013EFF7CFC100B8F9D4440DB72851E4E06558A543EEA33,9BD493945EFCCC2AC3013EFF7CFC100B8F9D4440DB72851E4E06558A543EEA33
app/icon.svg,identical,9DC8E6E0C61D01D06369EC47C74B20E5C64B5A5878EDA0A14C9108B966798334,9DC8E6E0C61D01D06369EC47C74B20E5C64B5A5878EDA0A14C9108B966798334
app/feedback/batch/page.tsx,identical,37C893EB4CD0A40E4B8E8BF1D3626396D4361E7AE1BDE40487616E1011B3FB42,37C893EB4CD0A40E4B8E8BF1D3626396D4361E7AE1BDE40487616E1011B3FB42
app/dashboard/page.tsx,identical,50C97372BDA786EC4797C7E3886DEA11B13B75D822F0CF1F08A9DA4EEB1DF9C0,50C97372BDA786EC4797C7E3886DEA11B13B75D822F0CF1F08A9DA4EEB1DF9C0
app/students/new/page.tsx,identical,B4B2C7839796215AFA6CA78A01A07AA3C6A03320D64D734F02B3AD5A0108DADA,B4B2C7839796215AFA6CA78A01A07AA3C6A03320D64D734F02B3AD5A0108DADA
app/students/[id]/feedback/new/page.tsx,identical,1A4281FEA2A2FD7315C723F8CB792AF8D0C487664B9D9931521035101B40FC88,1A4281FEA2A2FD7315C723F8CB792AF8D0C487664B9D9931521035101B40FC88
app/students/[id]/page.tsx,identical,0710802C88F19DEEF44E557AE9D33F67AEF8CA68A3FE82896F3A1F6E204F704A,0710802C88F19DEEF44E557AE9D33F67AEF8CA68A3FE82896F3A1F6E204F704A
app/students/page.tsx,identical,25368E825AC6EA038B729278F2C6EFD1D5CF45E1C3F8DE718F6D46C8F516EB03,25368E825AC6EA038B729278F2C6EFD1D5CF45E1C3F8DE718F6D46C8F516EB03
app/teacher-demo/page.tsx,identical,3F7955A3CCFACEB67778EBB9CD7D69FBE0CD2EA34CA32A54069EBFB9667DA392,3F7955A3CCFACEB67778EBB9CD7D69FBE0CD2EA34CA32A54069EBFB9667DA392
app/layout.tsx,identical,56806449FBE4C0528ADDCFD3C2AB593DE5BE16EE53FF2E9E41EE01C2EC0BEDD8,56806449FBE4C0528ADDCFD3C2AB593DE5BE16EE53FF2E9E41EE01C2EC0BEDD8
app/error.tsx,identical,C1571222DB0A65154824CF5969C3FCAB7CFDEECCC35F8FE1B2ACA5B1E9CDE042,C1571222DB0A65154824CF5969C3FCAB7CFDEECCC35F8FE1B2ACA5B1E9CDE042
app/api/workbench-v2/route.ts,identical,31CD8FB3AF88149DD75EE53B9BD9450CC90EF0D8B202DD0EC46015C99C4244B8,31CD8FB3AF88149DD75EE53B9BD9450CC90EF0D8B202DD0EC46015C99C4244B8
app/api/agents/parent-feedback/confirm/route.ts,identical,571C953F8986C8B56B3CA4E22D1B0E91A5843069A1414455F8DA780EF4B611F0,571C953F8986C8B56B3CA4E22D1B0E91A5843069A1414455F8DA780EF4B611F0
app/api/agents/parent-feedback/route.ts,identical,4F158257C06ED54933AB7B7EF9F2D15D414C27076299EAA21212A87A2025C292,4F158257C06ED54933AB7B7EF9F2D15D414C27076299EAA21212A87A2025C292
app/api/ai/wechat-feedback/route.ts,identical,EF8559E741ED1EB5CF521130E661461BE2C31BE6E624EF2B95B16B9F98F65985,EF8559E741ED1EB5CF521130E661461BE2C31BE6E624EF2B95B16B9F98F65985
app/api/ai/practice-recognition/route.ts,identical,A47AB6CB849F2BCB465F9060DAEBFFB261D82C166E689FC4696AA8749AF69F2F,A47AB6CB849F2BCB465F9060DAEBFFB261D82C166E689FC4696AA8749AF69F2F
app/api/skills/persistence/route.ts,identical,84F388C73FDCC6865CE1CF70B7950F5A60551FD04EB92DF72798F8B2550CA219,84F388C73FDCC6865CE1CF70B7950F5A60551FD04EB92DF72798F8B2550CA219
app/borrowed-shell/page.tsx,identical,46133E1CA894386021CE788A2CF0EEA782A102FBE586B37E7761062F76F9B677,46133E1CA894386021CE788A2CF0EEA782A102FBE586B37E7761062F76F9B677
app/page.tsx,identical,0F3BD42EBEF1C4C9B29DB867A1283F89DF7DE138989DB8AC4AC68008F57B6DCA,0F3BD42EBEF1C4C9B29DB867A1283F89DF7DE138989DB8AC4AC68008F57B6DCA
app/globals.css,adapted,0A450BEF018302B15CB4AAD87B3C6E866C59BA08ED1552C750086C9FF63FC812,6F3AAEE67CBF3EACE15B750436330AEEFDD374CC363E04F95AC93E639C38B72A
app/login/page.tsx,adapted,2434782ED51E7BB3111644910EF85A61677408F576790C765DCEAFE5DAF66376,309D0D1AD95B642E31C0D410650C09461B338DDA5D26F2101176355BA1B7E536
app/reports/[id]/page.tsx,identical,07C58B176418DD3F7C9646DB149E6BDAFB66573F7AEFB1991B4971140619F39D,07C58B176418DD3F7C9646DB149E6BDAFB66573F7AEFB1991B4971140619F39D
app/reports/page.tsx,identical,BF78316AB6DB8B4578EE4AD0C8DC9119DA41DD066A52E6CC6F1E5DDC330E05C4,BF78316AB6DB8B4578EE4AD0C8DC9119DA41DD066A52E6CC6F1E5DDC330E05C4
DEV_LOG.md,identical,DDC3CA2EE31473DE4523BBB6828F1820EAA5734EE4301F20016001BCAA55E042,DDC3CA2EE31473DE4523BBB6828F1820EAA5734EE4301F20016001BCAA55E042
postcss.config.mjs,identical,2147573F4053310E348AD9D722882426C884376F42A354DAEA89BCD663B33B25,2147573F4053310E348AD9D722882426C884376F42A354DAEA89BCD663B33B25
next.config.mjs,adapted,720AA2C5178D8BE592E203AB5E86A50365754D1DA7F45A312442CCBF4392CB22,26BBB80D6223A2D6244C71178F57B3EBD8A5F057C17BE57E20E221E8418F2615
tests/student-learning-material-analyzer-evaluation-claim-audit-file.test.ts,identical,73E4945885D6C0C165A0FC40D69510EC934A6C1DF9EA00E1A00176918EB75CB5,73E4945885D6C0C165A0FC40D69510EC934A6C1DF9EA00E1A00176918EB75CB5
tests/learning-evidence-report-panel.test.ts,identical,E4A2E736A5C159EBB27E1012B5DCEBCE79BC5C07921D5979C1604C9C77E3E58C,E4A2E736A5C159EBB27E1012B5DCEBCE79BC5C07921D5979C1604C9C77E3E58C
tests/parent-feedback-route-security.test.ts,identical,8AF5A7075E17F56A77C7445E854C483E6C20258DC9B3ECC0A1DCA8E379A6A5B1,8AF5A7075E17F56A77C7445E854C483E6C20258DC9B3ECC0A1DCA8E379A6A5B1
tests/student-learning-material-analyzer-user-facing-result.test.ts,identical,0F5F00218F5DAF00BF1C9601757D8E50F68CABBBA0F5BC2BCBA1A9D75B1BB642,0F5F00218F5DAF00BF1C9601757D8E50F68CABBBA0F5BC2BCBA1A9D75B1BB642
tests/skill-shell-readiness-evaluator.test.ts,identical,01469B280799207D23F04CB812CF443554ABA0854201DF602E605CE9486025F5,01469B280799207D23F04CB812CF443554ABA0854201DF602E605CE9486025F5
tests/student-learning-material-analyzer-question-evidence-readiness.test.ts,identical,92F665C4D59DAE5437E55A5F04A9C98A6963EE99B8A9E7D2F166D07ED2D4D454,92F665C4D59DAE5437E55A5F04A9C98A6963EE99B8A9E7D2F166D07ED2D4D454
tests/student-learning-material-analyzer-delivery-bundle-file.test.ts,identical,EC67FE8ADDAB81E3E536062BDF4260C67D903049EDB83A2291FA6414BDA220C5,EC67FE8ADDAB81E3E536062BDF4260C67D903049EDB83A2291FA6414BDA220C5
tests/student-learning-material-analyzer-evaluation.test.ts,identical,413DF489C540FBB6447FA3CA6A4B2A758FD7473D3D56BEA34977EA40B0EE7713,413DF489C540FBB6447FA3CA6A4B2A758FD7473D3D56BEA34977EA40B0EE7713
tests/student-learning-material-analyzer-output-files.test.ts,identical,10A1EF0EEDBF17C16E31EB27F445B3FE2E17037E94260D28C12B3FCBD048C3FC,10A1EF0EEDBF17C16E31EB27F445B3FE2E17037E94260D28C12B3FCBD048C3FC
tests/skill-persistence-route.test.ts,identical,EDA5A7DA3945983508D773EA41B564DB659E92A7D0A8F90B7187A8EE29E6817A,EDA5A7DA3945983508D773EA41B564DB659E92A7D0A8F90B7187A8EE29E6817A
tests/skill-persistence-sync.test.ts,identical,E41989ED4CA0D6BE3BDB3D9B3FDAA81A11D22AC124409428A0483DB7DC6EE22F,E41989ED4CA0D6BE3BDB3D9B3FDAA81A11D22AC124409428A0483DB7DC6EE22F
tests/learning-material-user-result-view.test.ts,identical,1BF07AA05DF3E7541EB53FC5BB080F0143E4A349E1CB9707689DE22D61ED976A,1BF07AA05DF3E7541EB53FC5BB080F0143E4A349E1CB9707689DE22D61ED976A
tests/student-learning-material-analyzer-gold-labeling.test.ts,identical,6B32F5213B2442C95460502D2EB74E2DF8BBCC7E29BBE381C093EC60E58BBB8B,6B32F5213B2442C95460502D2EB74E2DF8BBCC7E29BBE381C093EC60E58BBB8B
tests/student-learning-material-analyzer-evaluation-regression-file.test.ts,identical,2388F948080845A515C13848BB4B524934CDFB177C6A224E2CB0DE5553C14412,2388F948080845A515C13848BB4B524934CDFB177C6A224E2CB0DE5553C14412
tests/monthly-report-generate-file.test.ts,identical,4746CC45CB5E6E407BB0867E0FC0FF92E0388149526F85F5A93EF3BF1090F322,4746CC45CB5E6E407BB0867E0FC0FF92E0388149526F85F5A93EF3BF1090F322
tests/parent-feedback-security.test.ts,identical,6BE55DF9C98EFE5AC79DC80C8E1CA2DD07185C1ED5E2933964CBF75C2EE8286F,6BE55DF9C98EFE5AC79DC80C8E1CA2DD07185C1ED5E2933964CBF75C2EE8286F
tests/skill-persistence-api.test.ts,identical,FADE2811C9E4AB26FFFF4718EE56874F42B226EFDEA2F311F024967CE0ACB56A,FADE2811C9E4AB26FFFF4718EE56874F42B226EFDEA2F311F024967CE0ACB56A
tests/setup.ts,identical,C896DB5D8343EB9425F36D04A513967D42AD6C923A92F29A831FCB1090B97D51,C896DB5D8343EB9425F36D04A513967D42AD6C923A92F29A831FCB1090B97D51
tests/student-learning-material-analyzer-evaluation-file.test.ts,identical,7B9F7A971DCE17584416E6FEA15A48072E8F30251F7ECF686305C31DB0A2F299,7B9F7A971DCE17584416E6FEA15A48072E8F30251F7ECF686305C31DB0A2F299
tests/student-learning-material-analyzer-generate-result-file.test.ts,identical,FF61CBCBDE822D6A45688D51B9A9732328DF2358E47A709046CC07C7C283388B,FF61CBCBDE822D6A45688D51B9A9732328DF2358E47A709046CC07C7C283388B
tests/student-learning-material-analyzer-evaluation-dataset-generate-file.test.ts,identical,286096F2FB006BB5CDCDAAFC86B300B8CED727EE780278975451DFD3793BBF88,286096F2FB006BB5CDCDAAFC86B300B8CED727EE780278975451DFD3793BBF88
tests/server-only-boundary.test.ts,identical,5A66E9236F64F96370FD152E1790EC124E6E225298BB9FB4F5B77C9331A0055B,5A66E9236F64F96370FD152E1790EC124E6E225298BB9FB4F5B77C9331A0055B
tests/student-learning-material-analyzer-evaluation-case-package-file.test.ts,identical,2D28FE3DC16111F93DE01236C49CB9DEAA11173D699E3CB4188B96D21A1E2E68,2D28FE3DC16111F93DE01236C49CB9DEAA11173D699E3CB4188B96D21A1E2E68
tests/env-safety.test.ts,identical,83EB4B3C09BEFF1A29DF936A6810CB61522E7771FC72376306B4ACD8492D0F60,83EB4B3C09BEFF1A29DF936A6810CB61522E7771FC72376306B4ACD8492D0F60
tests/skill-shell-readiness-check.test.ts,identical,916B544389E392F708108494B623BB34F34091ECD9FD0B9C4BD805271663304A,916B544389E392F708108494B623BB34F34091ECD9FD0B9C4BD805271663304A
tests/student-learning-material-analyzer-evaluation-sample-plan-file.test.ts,identical,709AE7A732BEE5C2BFC1FC3CA73418C9B124770BF9D3A0A268045A5FCDBA2FC0,709AE7A732BEE5C2BFC1FC3CA73418C9B124770BF9D3A0A268045A5FCDBA2FC0
tests/student-learning-material-analyzer-vision-provider-trial-report-file.test.ts,identical,F1D117DE53DE3846C958D0A3C2E1743BE855532C2C37F2A73E9033000E227EA1,F1D117DE53DE3846C958D0A3C2E1743BE855532C2C37F2A73E9033000E227EA1
tests/student-learning-material-analyzer-gold-label-annotation-task-file.test.ts,identical,FB1B701C9CCAD609C08EDECAF0598D98EDDBCCF56E0E5C3CE6E3EE7F08D55A16,FB1B701C9CCAD609C08EDECAF0598D98EDDBCCF56E0E5C3CE6E3EE7F08D55A16
tests/student-learning-material-analyzer-result-files.test.ts,identical,3CB50D8AFAA5204F4A61D1AD46A9AE97478B06568449179DC30B65DF12981B8B,3CB50D8AFAA5204F4A61D1AD46A9AE97478B06568449179DC30B65DF12981B8B
tests/lessonledger-service.test.ts,identical,28588AFA550D57358EE3D9FE80BB2F9598205027F606CC1D8085CA837E739741,28588AFA550D57358EE3D9FE80BB2F9598205027F606CC1D8085CA837E739741
tests/workbench-persistence.test.ts,identical,01934EFF1E2DEF305EED8424A7E6BCD663CB079ED8A8758EC09C6E8694427356,01934EFF1E2DEF305EED8424A7E6BCD663CB079ED8A8758EC09C6E8694427356
tests/student-learning-material-analyzer-evaluation-asset-manifest-generate-file.test.ts,identical,269355D69305FD3A3B9271B34F326DDC54F02F091443DAC9C8BB4408413E4AFF,269355D69305FD3A3B9271B34F326DDC54F02F091443DAC9C8BB4408413E4AFF
tests/skill-persistence-migration.test.ts,identical,AE0AC6CB8E5CD5EBD3A0751F77C6074702CD50B26D849869C68AB5419F3F3F11,AE0AC6CB8E5CD5EBD3A0751F77C6074702CD50B26D849869C68AB5419F3F3F11
tests/skills-registry.test.ts,identical,B6F641ACAE1AFFC1B62962BD0727A640D7CAB4CA6E1F79B89B8B22329EDB85D1,B6F641ACAE1AFFC1B62962BD0727A640D7CAB4CA6E1F79B89B8B22329EDB85D1
tests/monthly-report-from-snapshots.test.ts,identical,7DF7A3D58D1F5520E7206C0B9C961BC717C570914A1398308CAA7E817090C238,7DF7A3D58D1F5520E7206C0B9C961BC717C570914A1398308CAA7E817090C238
tests/lessonledger-route.test.ts,identical,33F67438CA8F85ECDE877BD93782DD054A1D3242167B72A9B1B325CF75EBF9B5,33F67438CA8F85ECDE877BD93782DD054A1D3242167B72A9B1B325CF75EBF9B5
tests/workbench-v2-page-state.test.ts,identical,7AAD360B249FF2405FBE7D18F9FA31E1474B5284C5D7D44201B1B2598BCA877F,7AAD360B249FF2405FBE7D18F9FA31E1474B5284C5D7D44201B1B2598BCA877F
tests/student-learning-material-analyzer-gold-label-template-file.test.ts,identical,8F9582F9C0F8C45FD67284F7FB2759F9A574E0F91F4C3E9594B53153B865975D,8F9582F9C0F8C45FD67284F7FB2759F9A574E0F91F4C3E9594B53153B865975D
tests/skill-card-editing.test.ts,identical,45911B624B57BD2CE5E3A4F2BF54F6E0218B4CD8E349EA6C7EE5B95B50B7FF9A,45911B624B57BD2CE5E3A4F2BF54F6E0218B4CD8E349EA6C7EE5B95B50B7FF9A
tests/skill-runner.test.ts,identical,28D45F9CA18011666AEE57920714AEA1CDCF0BE0C27B3B19541E15E189CF88BA,28D45F9CA18011666AEE57920714AEA1CDCF0BE0C27B3B19541E15E189CF88BA
tests/skill-card-ui-state.test.ts,identical,D48E6D5429D2ED81F43271C1F73865FD3998334FBD07F658481936D8AFF7E1B6,D48E6D5429D2ED81F43271C1F73865FD3998334FBD07F658481936D8AFF7E1B6
tests/student-learning-material-analyzer-vision-provider-regression-file.test.ts,identical,275D54A794038F2DE29C7482B7BA1761291F23FFF72FBA2133298996718ECE9F,275D54A794038F2DE29C7482B7BA1761291F23FFF72FBA2133298996718ECE9F
tests/learning-evidence-profile-updates.test.ts,identical,B13CA01876B9AFE570BD60AB46DA2C51F5098401901CBAF19461D0A3A9ED693A,B13CA01876B9AFE570BD60AB46DA2C51F5098401901CBAF19461D0A3A9ED693A
tests/teacher-pain-demo.test.ts,identical,6B8FB1FA349326CB07959A857D2CF9AD8E1D3F0924B6FDDD2CE5D6C65FF4CD3C,6B8FB1FA349326CB07959A857D2CF9AD8E1D3F0924B6FDDD2CE5D6C65FF4CD3C
tests/student-timeline-view.test.ts,identical,B615FB4B49B222C3CB24CF5C60EF3E97FD18DDA530AFBEE4F9E596AE6EB67088,B615FB4B49B222C3CB24CF5C60EF3E97FD18DDA530AFBEE4F9E596AE6EB67088
tests/student-learning-material-analyzer-monthly-snapshot-archive.test.ts,identical,A55D0CBD43F74636511059C30E7031926FE63E4978F3AAB52B5A013ACC1B4E03,A55D0CBD43F74636511059C30E7031926FE63E4978F3AAB52B5A013ACC1B4E03
tests/fixtures/monthly-report/student-monthly-report-input.json,identical,1AD25B599714718ACE64031C48FD8ADECC1AEF5DBBBE8576CACCB911173C029B,1AD25B599714718ACE64031C48FD8ADECC1AEF5DBBBE8576CACCB911173C029B
tests/fixtures/student-learning-material-evaluation/provider-adapter/paddleocr-like-external-vision-input.json,identical,6C83A1019EB0470D29B53263348C41F09618F6D0C23DA6E89EFB46373783DAA6,6C83A1019EB0470D29B53263348C41F09618F6D0C23DA6E89EFB46373783DAA6
tests/fixtures/student-learning-material-evaluation/synthetic-smoke-dataset.json,identical,141E8E4BA909A19F21F279D4EBF02EA6753870A7CA45FF13322951E0C10161DC,141E8E4BA909A19F21F279D4EBF02EA6753870A7CA45FF13322951E0C10161DC
tests/fixtures/student-learning-material-evaluation/synthetic-asset-manifest/manifest.json,identical,F79BF642250ABC2F4DD5B91ED4005E2BC5F1C8C045ADD0B20E79308C4A3F55AA,F79BF642250ABC2F4DD5B91ED4005E2BC5F1C8C045ADD0B20E79308C4A3F55AA
tests/fixtures/student-learning-material-evaluation/synthetic-asset-manifest/gold-label-package.json,identical,FE081F395FF5B93D4974B8F9C3073437B304756ECC7151E097DAD8E0C052FB69,FE081F395FF5B93D4974B8F9C3073437B304756ECC7151E097DAD8E0C052FB69
tests/fixtures/student-learning-material-evaluation/synthetic-asset-manifest/vision-packet.json,identical,07215A65B7D76E2CBE5F8CA0D60CCEFA7E5F0DD5902E29168BD432FF06CEB873,07215A65B7D76E2CBE5F8CA0D60CCEFA7E5F0DD5902E29168BD432FF06CEB873
tests/fixtures/student-learning-material-evaluation/synthetic-smoke-gold-label-package.json,identical,EE119B466FF97AD542CE107C1DB4627EF2E4BEF5C5673C74F8D80755BD055747,EE119B466FF97AD542CE107C1DB4627EF2E4BEF5C5673C74F8D80755BD055747
tests/student-learning-material-analyzer-vision-adapter.test.ts,identical,AF8520DAAF3259E54F4D45AAAEB92312F1F3D70A24813E7CDF1FBD1563510CBF,AF8520DAAF3259E54F4D45AAAEB92312F1F3D70A24813E7CDF1FBD1563510CBF
tests/student-learning-material-analyzer-gold-label-review-report-file.test.ts,identical,049CEB97501F299F022C90B35821DD9559613288450F8933E231D4BFDCFD1C94,049CEB97501F299F022C90B35821DD9559613288450F8933E231D4BFDCFD1C94
tests/mock-workflow.test.ts,identical,8AAF4B8DCF0C63387C2EACDDF82077F7AB6F0EB91E092E14148496C30738E6CA,8AAF4B8DCF0C63387C2EACDDF82077F7AB6F0EB91E092E14148496C30738E6CA
tests/student-learning-material-analyzer-gold-label-annotation-import-file.test.ts,identical,064EB4595B5D5D33EB177D612EF3347036BCBB44BE3EFE9D6531C0B6A6564060,064EB4595B5D5D33EB177D612EF3347036BCBB44BE3EFE9D6531C0B6A6564060
tests/student-learning-material-analyzer-evaluation-case-package-readiness-file.test.ts,identical,6734A93B0580138774648C5119DAE5B5C75174EBCED948F2BC86CC6C3879AEEA,6734A93B0580138774648C5119DAE5B5C75174EBCED948F2BC86CC6C3879AEEA
tests/student-learning-material-analyzer-generate-vision-packet-file.test.ts,identical,2506522FF43CE9E640D272385C19C5EED2ACB501B3A2F7C01BF480527F4516FC,2506522FF43CE9E640D272385C19C5EED2ACB501B3A2F7C01BF480527F4516FC
tests/student-learning-material-analyzer-question-segmentation-review-file.test.ts,identical,A40CBAB0E64DA5CC3C1EFE98A38C2D963B74679CC654D33AF78EC1FB2DC47F7F,A40CBAB0E64DA5CC3C1EFE98A38C2D963B74679CC654D33AF78EC1FB2DC47F7F
tests/student-learning-material-analyzer-teacher-review-packet-file.test.ts,identical,FC7DD122E54EF64B025835CF3E129B4C10D4966700F138B7094F22BEE3025C3B,FC7DD122E54EF64B025835CF3E129B4C10D4966700F138B7094F22BEE3025C3B
tests/student-learning-material-analyzer-generate-output-file.test.ts,identical,7CA560B001CC3529AD39822AC89D735A2EC36EC67C04EDE2A8BB01C0AFCFB097,7CA560B001CC3529AD39822AC89D735A2EC36EC67C04EDE2A8BB01C0AFCFB097
tests/student-learning-material-analyzer-evaluation-artifact-bundle-file.test.ts,identical,CAEEACD6CDFA69C01464E473286C43A94926129635A66A52294EE86504F1288B,CAEEACD6CDFA69C01464E473286C43A94926129635A66A52294EE86504F1288B
tests/student-learning-material-analyzer-evaluation-assets.test.ts,identical,34F1BE72A7B37AC949D4D87A8F59F8B7FB380703A8AAC1D6C11061B6B45BCED0,34F1BE72A7B37AC949D4D87A8F59F8B7FB380703A8AAC1D6C11061B6B45BCED0
tests/student-learning-material-analyzer-runner.test.ts,identical,49ADBC40054B986A7F5A45CC512478311AC2928B8137B5C2AAB15721E129C927,49ADBC40054B986A7F5A45CC512478311AC2928B8137B5C2AAB15721E129C927
tests/student-learning-material-analyzer-material-classifier.test.ts,identical,97C0FF1C567894AF910C3150793E54BCE4BC47F99223F71DD61CDDF91AF1FCC1,97C0FF1C567894AF910C3150793E54BCE4BC47F99223F71DD61CDDF91AF1FCC1
tests/student-learning-material-analyzer-mainland-k12-reference.test.ts,identical,B1CF5CE2626B02B0756F14718607791D38EA2E30D7167B86C515CFBAF5517B3C,B1CF5CE2626B02B0756F14718607791D38EA2E30D7167B86C515CFBAF5517B3C
tests/skill-shell-rls-migration.test.ts,identical,102240EE2ED4182D266200DC0E32CC79803952DA6BB469B5514FB728F7A6EFE3,102240EE2ED4182D266200DC0E32CC79803952DA6BB469B5514FB728F7A6EFE3
tests/student-learning-material-analyzer-gold-label-package-file.test.ts,identical,A7562BF3E4D4F74A337BCD43AE34E99464EE38CCA72B6E6362929CD007C83CE0,A7562BF3E4D4F74A337BCD43AE34E99464EE38CCA72B6E6362929CD007C83CE0
tests/student-learning-material-analyzer-evaluation-assets-file.test.ts,identical,3186648A9847AEF9D4DDA2B9D76821491949943E98B26498C31B89193613BA12,3186648A9847AEF9D4DDA2B9D76821491949943E98B26498C31B89193613BA12
.agents/skills/student-learning-material-analyzer/references/vision_evidence_packet_schema.md,identical,85850433148A234AA6C777965C47A1F1210732AA52D5376D25880D77125B6F88,85850433148A234AA6C777965C47A1F1210732AA52D5376D25880D77125B6F88
.agents/skills/student-learning-material-analyzer/references/10_profile_update_memory_rules.md,identical,B948B689032FD66D5BB33213D265F403C67239828D0B2A97366C88259A54D3D9,B948B689032FD66D5BB33213D265F403C67239828D0B2A97366C88259A54D3D9
.agents/skills/student-learning-material-analyzer/references/14_data_model_permissions_audit_rules.md,identical,0948E467B9FDB4275F6DE94727221159120F260BD077F0C1DF1F78AE3F4A2336,0948E467B9FDB4275F6DE94727221159120F260BD077F0C1DF1F78AE3F4A2336
.agents/skills/student-learning-material-analyzer/references/18_open_source_project_scan.md,identical,E791AFBE798A740FBF939CB30D05AC5AE144E8589728A73E21585ADFAA43A2FF,E791AFBE798A740FBF939CB30D05AC5AE144E8589728A73E21585ADFAA43A2FF
.agents/skills/student-learning-material-analyzer/references/00_accuracy_framework.md,identical,503E1123E05407B6D67699A80771AF171A39F32E0AF11BAA2A12E6CC6B582382,503E1123E05407B6D67699A80771AF171A39F32E0AF11BAA2A12E6CC6B582382
.agents/skills/student-learning-material-analyzer/references/03_answer_key_rubric_correctness_rules.md,identical,AB994AB670A1F0EED096A1A982D7401F1FA3F9E663F99A5D63F238BA379E28A9,AB994AB670A1F0EED096A1A982D7401F1FA3F9E663F99A5D63F238BA379E28A9
.agents/skills/student-learning-material-analyzer/references/02_material_state_and_evidence_rules.md,identical,21F8B2ABD8646E2A3C8F233C64B27BBEAB5B5706CA7895C1F7E6AA7F51BDCD49,21F8B2ABD8646E2A3C8F233C64B27BBEAB5B5706CA7895C1F7E6AA7F51BDCD49
.agents/skills/student-learning-material-analyzer/references/11_next_learning_action_rules.md,identical,2481079A0A0AE0617E4486C67EDFF3BBEFCC5C63469EEE9E274C5DED1D25E0AD,2481079A0A0AE0617E4486C67EDFF3BBEFCC5C63469EEE9E274C5DED1D25E0AD
.agents/skills/student-learning-material-analyzer/references/06_teacher_correction_rules.md,identical,0ACC68282E1A76BA0D1030AB249D49E45D04118EA329E6ADAB4F2A99E34ECCFA,0ACC68282E1A76BA0D1030AB249D49E45D04118EA329E6ADAB4F2A99E34ECCFA
.agents/skills/student-learning-material-analyzer/references/08_k12_knowledge_point_mapping_rules.md,identical,AC6B557D032975A2EE5C2371B2335FF0D34285667B4EA41B718F01FF5AA57C71,AC6B557D032975A2EE5C2371B2335FF0D34285667B4EA41B718F01FF5AA57C71
.agents/skills/student-learning-material-analyzer/references/01_runtime_architecture_deepseek_v4pro_and_vision_plugin.md,identical,2A123551FF3BAE5AF8CD3377D833B505A2F1DC22DEB83348AEF699D06D00A725,2A123551FF3BAE5AF8CD3377D833B505A2F1DC22DEB83348AEF699D06D00A725
.agents/skills/student-learning-material-analyzer/references/17_mainland_k12_public_reference.md,identical,6B2D01B5C577DC348C1FC924987ED84E4850B3FA6290A162627AA000D7A5C338,6B2D01B5C577DC348C1FC924987ED84E4850B3FA6290A162627AA000D7A5C338
.agents/skills/student-learning-material-analyzer/references/05_student_answer_extraction_rules.md,identical,C14A2143829B48BC59FF542E82A855EF077B64589DB7A23A614952ECAB2C5409,C14A2143829B48BC59FF542E82A855EF077B64589DB7A23A614952ECAB2C5409
.agents/skills/student-learning-material-analyzer/references/15_evaluation_testset_acceptance_rules.md,identical,49516CB0627035624A9DD51F341F03D2BB2384EE7A3EFF64A6D3299D9B9473DD,49516CB0627035624A9DD51F341F03D2BB2384EE7A3EFF64A6D3299D9B9473DD
.agents/skills/student-learning-material-analyzer/references/output_schema.md,identical,A0016CCACB0E83B40CA36F8531613010D896B76A318EC9D7DA48B8A0D60DBC48,A0016CCACB0E83B40CA36F8531613010D896B76A318EC9D7DA48B8A0D60DBC48
.agents/skills/student-learning-material-analyzer/references/16_gold_labeling_protocol.md,identical,41AF3892A4AF13B9F84B6DAA7FC280C952364D7C4EBBCE3E0EAAF526A1F1F95F,41AF3892A4AF13B9F84B6DAA7FC280C952364D7C4EBBCE3E0EAAF526A1F1F95F
.agents/skills/student-learning-material-analyzer/references/09_mistake_diagnosis_rules.md,identical,0B75FABC2729D96F1BD0CA1188193A39AB3624DC7F87B38D71176E6AC297EAB3,0B75FABC2729D96F1BD0CA1188193A39AB3624DC7F87B38D71176E6AC297EAB3
.agents/skills/student-learning-material-analyzer/references/12_wechat_parent_feedback_rules.md,identical,BEFBE395E329167A29821BE90E149515A62B20D82419A51B3C5CBC5E86538465,BEFBE395E329167A29821BE90E149515A62B20D82419A51B3C5CBC5E86538465
.agents/skills/student-learning-material-analyzer/references/13_teacher_review_human_in_loop_rules.md,identical,328DEB8AC960682D3F05761B0838A42706EBC25264D7A5B3F1713FDDE62E014B,328DEB8AC960682D3F05761B0838A42706EBC25264D7A5B3F1713FDDE62E014B
.agents/skills/student-learning-material-analyzer/references/07_knowledge_base_architecture.md,identical,AB11AF6A123B5EDC24BFC79D85A9FD5B1AC1FDA01756B63A4231F971EAF4724F,AB11AF6A123B5EDC24BFC79D85A9FD5B1AC1FDA01756B63A4231F971EAF4724F
.agents/skills/student-learning-material-analyzer/references/04_question_segmentation_rules.md,identical,CCC3C08AC1ADBB976E325DCEC5E49D5A6F6B462AFC5CFF554AEECABEE4483DB6,CCC3C08AC1ADBB976E325DCEC5E49D5A6F6B462AFC5CFF554AEECABEE4483DB6
.agents/skills/student-learning-material-analyzer/references/quality_checklist.md,identical,A158FE6BB3ECB5A269702707673EA91E7CDD3E6621B9D59CFDAD599091C0231A,A158FE6BB3ECB5A269702707673EA91E7CDD3E6621B9D59CFDAD599091C0231A
.agents/skills/student-learning-material-analyzer/scripts/validate-vision-evidence-packet.ts,identical,3B441C40EC726ACE291B6FF17B3A786E2B04D01A121445511BD7727D6E31E637,3B441C40EC726ACE291B6FF17B3A786E2B04D01A121445511BD7727D6E31E637
.agents/skills/student-learning-material-analyzer/scripts/check-wechat-feedback-safety.ts,identical,BBE1826DBF75B28C3E306B7A637BC756A833D06045C7ED1D4DC36DFEE7FB4CE8,BBE1826DBF75B28C3E306B7A637BC756A833D06045C7ED1D4DC36DFEE7FB4CE8
.agents/skills/student-learning-material-analyzer/scripts/check-evidence-coverage.ts,identical,B5C062DF0AA2D596365D30ABEF1B5F1075AFCD425CCC6EBC19766947496B87AA,B5C062DF0AA2D596365D30ABEF1B5F1075AFCD425CCC6EBC19766947496B87AA
.agents/skills/student-learning-material-analyzer/scripts/validate-analysis-schema.ts,identical,35EFECD8BA851F02A09EB4613097647F1977285193F9EB66FECDC171B17F4073,35EFECD8BA851F02A09EB4613097647F1977285193F9EB66FECDC171B17F4073
.agents/skills/student-learning-material-analyzer/SKILL.md,identical,372D03468D8C6DA726A9503AB717DAA65FE39429A25B21C793EC78557814CAF8,372D03468D8C6DA726A9503AB717DAA65FE39429A25B21C793EC78557814CAF8
docs/07_电脑端Web界面PRD.md,identical,63A849C1287B8C35E01A3D0373E15DA8AAEEDEA595FF1AC07AF4259184991C93,63A849C1287B8C35E01A3D0373E15DA8AAEEDEA595FF1AC07AF4259184991C93
docs/产品本体与产品形态.md,identical,02B07C8A8DCE0CA04298D47FFDC8A09A248359805D09F0A6D7CD67C5239CC68F,02B07C8A8DCE0CA04298D47FFDC8A09A248359805D09F0A6D7CD67C5239CC68F
docs/03_技术规范.md,identical,974EB752D2DFC397107DA63563BB32E67EC8BE0DD36F6D095C2A04ADC4FEA1B0,974EB752D2DFC397107DA63563BB32E67EC8BE0DD36F6D095C2A04ADC4FEA1B0
docs/04_设计规范.md,identical,C390BE44E810D4DDAF0CE4EFB782A4DA156A0397B5B40BC6EE5947C0431906F7,C390BE44E810D4DDAF0CE4EFB782A4DA156A0397B5B40BC6EE5947C0431906F7
docs/ARCHITECTURE.md,identical,318F44CA97BD7482792CC3D0C76FDD362856C2A6F69A9E48A3C2B097E9009BF1,318F44CA97BD7482792CC3D0C76FDD362856C2A6F69A9E48A3C2B097E9009BF1
docs/DATA_MODEL.md,identical,8710A577B9923E761FB40EDA26E912B7F16698895DB91CDAABBC8E8D73BEABD4,8710A577B9923E761FB40EDA26E912B7F16698895DB91CDAABBC8E8D73BEABD4
docs/10_Codex开发总任务书.md,identical,6F3F58639EB12EE2978782878BCAC51DAE16A75BF37A0898D22F162424C8B0DF,6F3F58639EB12EE2978782878BCAC51DAE16A75BF37A0898D22F162424C8B0DF
docs/audits/teacher-core-flow/02-student-empty.png,identical,0A8F5D07CC0661CD3A219548810B7B4538098FD89C76C928BE46C45CB3EBFF3F,0A8F5D07CC0661CD3A219548810B7B4538098FD89C76C928BE46C45CB3EBFF3F
docs/audits/teacher-core-flow/01-workbench.png,identical,090A742A512F9D48C0FF24391AB669598A0CC2323AE5A6FCD0467F74E3757420,090A742A512F9D48C0FF24391AB669598A0CC2323AE5A6FCD0467F74E3757420
docs/development/code-acceptance-criteria.md,identical,1217BD9279E880FC81DCC5857670E56C8ECD316279DF5AFB2AB21EFD1752BFF4,1217BD9279E880FC81DCC5857670E56C8ECD316279DF5AFB2AB21EFD1752BFF4
docs/deploy/investor-preview.md,identical,319CD01566B16C6E1310E463A32897B56FD3600B4F66AA451B13FF62745C0931,319CD01566B16C6E1310E463A32897B56FD3600B4F66AA451B13FF62745C0931
docs/codex/task-plan.md,identical,19078D3A007B4CC507DF97B61FF242A789D7B4217A83001A9E9BE934E5DA041F,19078D3A007B4CC507DF97B61FF242A789D7B4217A83001A9E9BE934E5DA041F
docs/codex/decision-log.md,identical,A72D749F1AF06BE8661CE04A5BFC86FF350C6453C3D304A598FB70445582409D,A72D749F1AF06BE8661CE04A5BFC86FF350C6453C3D304A598FB70445582409D
docs/codex/xuemai_codex_first_prompt.md,identical,67649D0917AF3421595FD589B8F107973E202683895F90B52EBCE4794985FBBF,67649D0917AF3421595FD589B8F107973E202683895F90B52EBCE4794985FBBF
docs/codex/学脉_Teaching_Agent_OS_Codex_开发指导书_v1.2_审校修正版.md,identical,5C210D44D2BAF247B393CB5450CD5E84B187EE779009690A3A082FA248A55610,5C210D44D2BAF247B393CB5450CD5E84B187EE779009690A3A082FA248A55610
docs/codex/dev-log.md,identical,07C76371C119EFC1194E6F87FAA566C16E56B13641A21A152A5A49EECA657622,07C76371C119EFC1194E6F87FAA566C16E56B13641A21A152A5A49EECA657622
docs/02_产品需求说明.md,identical,34F2DD910BF63E5D127F8F804D4E7086E8073F26ABDB884E68A3598E962AF642,34F2DD910BF63E5D127F8F804D4E7086E8073F26ABDB884E68A3598E962AF642
docs/06_开发流程规范.md,identical,05DE5465DA34A7F61876B7AA117121A58509146A2220507647D2B8D7B96EE924,05DE5465DA34A7F61876B7AA117121A58509146A2220507647D2B8D7B96EE924
docs/产品功能结构.md,identical,59BEEBE6031AC2E4AA88AA4C31183F4CF7CF7EB2E09DB23CF4BB3356138A7D72,59BEEBE6031AC2E4AA88AA4C31183F4CF7CF7EB2E09DB23CF4BB3356138A7D72
docs/TESTING.md,identical,D807362B3FB9F9961E01B36506CA34F6E523FFC08E25116E14C141055B329222,D807362B3FB9F9961E01B36506CA34F6E523FFC08E25116E14C141055B329222
docs/product/k12-paper-analysis-skill-design.md,identical,37633FE0F5BBAC014DCDCBC11A7834E1111BE8C30E4B6B5C3A59D2BEBA63390B,37633FE0F5BBAC014DCDCBC11A7834E1111BE8C30E4B6B5C3A59D2BEBA63390B
docs/product/monthly-report-design.md,identical,8736545FC9B01D50BC7725EB472387AB645BCC3BD01AF46FA238240EC6D1BA40,8736545FC9B01D50BC7725EB472387AB645BCC3BD01AF46FA238240EC6D1BA40
docs/product/chat-first-skill-workflow-ui-transfer.md,identical,C2A617403870CB7C8A83B0239CEDA4A6B1E1A87E5D9FDB78DA02B76E686624F9,C2A617403870CB7C8A83B0239CEDA4A6B1E1A87E5D9FDB78DA02B76E686624F9
docs/product/README.md,identical,2AAC7B1A43C18DA34EBB76C2C3E2C2ED885BF65939773A79F4F53FA427938703,2AAC7B1A43C18DA34EBB76C2C3E2C2ED885BF65939773A79F4F53FA427938703
docs/product/lessonledger-v2-completion-audit.md,identical,3D4114EFCC3CAE97D4408D5DD3A83F0E82FAB56A23F944CAD50EABDC9F962C42,3D4114EFCC3CAE97D4408D5DD3A83F0E82FAB56A23F944CAD50EABDC9F962C42
docs/product/competitor-lessonledger-prd.md,identical,A092A8082D30184845A90118700857C6086F1F080A9D7D90F2A7A3F9F7F2F1C4,A092A8082D30184845A90118700857C6086F1F080A9D7D90F2A7A3F9F7F2F1C4
docs/product/product-requirements.md,identical,BA7F592076BEF79C82C9595492FAA6A83DEC55A4E80B553585995BD989389634,BA7F592076BEF79C82C9595492FAA6A83DEC55A4E80B553585995BD989389634
docs/product/xuemai-borrowed-shell-strategy.md,identical,A6CA578816EA6F0AE0DFCA55514BB9F9296E1EFE4D8885E524E31415558D6035,A6CA578816EA6F0AE0DFCA55514BB9F9296E1EFE4D8885E524E31415558D6035
docs/product/lessonledger-v2-backend.md,identical,20628B83111AD8789A526549DFE8B9D5D123D4E80E63FD7D14C38CEE2F0826A9,20628B83111AD8789A526549DFE8B9D5D123D4E80E63FD7D14C38CEE2F0826A9
docs/05_阶段开发计划.md,identical,815A08CF4C528F4E93525DFA89A562D4C36F0C313090AD1448ACD45FF14B5A72,815A08CF4C528F4E93525DFA89A562D4C36F0C313090AD1448ACD45FF14B5A72
docs/README.md,identical,249D612C8438DC86A2DA855375CA5A995E8BB9E98184976450746FAFC138BC78,249D612C8438DC86A2DA855375CA5A995E8BB9E98184976450746FAFC138BC78
docs/harness/README.md,identical,2A862282585E50E6B0E135C7B061A8B60B1C4DBFD2F6D1E036D433EF71A4743C,2A862282585E50E6B0E135C7B061A8B60B1C4DBFD2F6D1E036D433EF71A4743C
docs/QA_CHECKLIST.md,identical,D2EB6425DA9AAE143C4E0E5ACEC06A692A708AFBF075C0CA06C8F140EE5FECA3,D2EB6425DA9AAE143C4E0E5ACEC06A692A708AFBF075C0CA06C8F140EE5FECA3
docs/figma/references/dashboard-ui-2026-06-06-main.png,identical,A5DC84096CD8589DE95815E103AF1FDC5390E815FCE5E7115BD60D6BD9C27D7E,A5DC84096CD8589DE95815E103AF1FDC5390E815FCE5E7115BD60D6BD9C27D7E
docs/figma/references/dashboard-ui-2026-06-06-top.png,identical,174A5625EE58993AB9AD6730A53E748F1A9E8CA241848D4678597D40760A603B,174A5625EE58993AB9AD6730A53E748F1A9E8CA241848D4678597D40760A603B
docs/figma/2026-06-06_工作台首页UI参考.md,identical,215D609C42D04B303DDCA0C8DF751825C1E2CE2901EC0B419277E8D41898E64E,215D609C42D04B303DDCA0C8DF751825C1E2CE2901EC0B419277E8D41898E64E
docs/figma/README.md,identical,CA440AD22D62C6CF542721C05A2ED0A472A0F78D022ABBD960E04B4CC7478EB9,CA440AD22D62C6CF542721C05A2ED0A472A0F78D022ABBD960E04B4CC7478EB9
docs/figma/AI试卷反馈MVP_V2_导入稿.svg,identical,120A8EB86C946A8B4B5FF35EE16777B0CB59E33B6AFAFA322919CA7ECDE43CE0,120A8EB86C946A8B4B5FF35EE16777B0CB59E33B6AFAFA322919CA7ECDE43CE0
docs/MCP_ROADMAP.md,identical,2DBEBC872245DC1BD7CC7E442586E34F025805F0F56235E3723399D09723509E,2DBEBC872245DC1BD7CC7E442586E34F025805F0F56235E3723399D09723509E
docs/stitch/AI练习反馈_手机App_Stitch_PRD.md,identical,DADC36C7437F3263D80FE7D2BFBB50499DAC12057BE4261AC011C40D91CFE847,DADC36C7437F3263D80FE7D2BFBB50499DAC12057BE4261AC011C40D91CFE847
docs/08_手机App界面PRD.md,identical,58761342411798609326AEBCC3F644024171E7DEB03F3D131F7AE8C8CB46C10E,58761342411798609326AEBCC3F644024171E7DEB03F3D131F7AE8C8CB46C10E
docs/ENGINEERING_GUIDE.md,identical,492D7E2D92F6CEA5CEC6D2F9D137780CD797B014664003B9BC06D0A661D7B7FA,492D7E2D92F6CEA5CEC6D2F9D137780CD797B014664003B9BC06D0A661D7B7FA
docs/PRD_理想版.md,identical,BF0C28D3914AB2ACAB89CC2ABEF75E337DA2F4F85B49103772DC55BBE2A45767,BF0C28D3914AB2ACAB89CC2ABEF75E337DA2F4F85B49103772DC55BBE2A45767
docs/01_产品范围说明.md,identical,74305BC13C3703E7B31EBD7F0D15904B9C06F261F49D1E2F161D25F73E88FEDE,74305BC13C3703E7B31EBD7F0D15904B9C06F261F49D1E2F161D25F73E88FEDE
docs/00_文档导航.md,identical,F5A1C3FEB06679965091E6D478ACC37D3547975F49860D2D3741104C9F0B564B,F5A1C3FEB06679965091E6D478ACC37D3547975F49860D2D3741104C9F0B564B
docs/09_手机App开发规划.md,identical,74E7E763D894CC24041FDD822DCF9C4D68DD93E8DFAAB692675330BD1720174B,74E7E763D894CC24041FDD822DCF9C4D68DD93E8DFAAB692675330BD1720174B
docs/SECURITY.md,identical,E73F970674B4315F6FA4C21A5356A50EF725408F3B8455730E260CAE436A4FE5,E73F970674B4315F6FA4C21A5356A50EF725408F3B8455730E260CAE436A4FE5
docs/AI_SKILL_SPEC.md,identical,DF471336FDDDEC448595B65299B8608953E34B10C0454814DCE880DF4ED11D6B,DF471336FDDDEC448595B65299B8608953E34B10C0454814DCE880DF4ED11D6B
开发日记/2026-06-06_开发日记.md,identical,77055203EA24367B1666792A3AA5C0E7E890FF51F4E8F5DDDFC3CEC201D67604,77055203EA24367B1666792A3AA5C0E7E890FF51F4E8F5DDDFC3CEC201D67604
开发日记/2026-06-07_开发日记.md,identical,05723D382A713BA44FEA3F309E915EEDD8CF4E4F5F56BBBA3B76A79784DCF1D1,05723D382A713BA44FEA3F309E915EEDD8CF4E4F5F56BBBA3B76A79784DCF1D1
开发日记/2026-06-05_开发日记.md,identical,2ADA4605BE2FCB140B984FC274BB4F9BD78AC1821379187099FFFF791372F25B,2ADA4605BE2FCB140B984FC274BB4F9BD78AC1821379187099FFFF791372F25B
开发日记/00_开发日记说明.md,identical,FE5AC4046D6EC4C0E11A60EC57CF4189657114E8F969DA5C771ED7AF599899E1,FE5AC4046D6EC4C0E11A60EC57CF4189657114E8F969DA5C771ED7AF599899E1
开发日记/2026-06-04_开发日记.md,identical,582DA82FD00FB465C92DFFA84FCE79264C285FFD56989CDB4C8D8987A9F61385,582DA82FD00FB465C92DFFA84FCE79264C285FFD56989CDB4C8D8987A9F61385
开发日记/2026-06-01_开发日记.md,identical,1D251D0706E1DE6E679156AD63AAB96ADC16D1CEF1EC68FF5FB165A1F92755C0,1D251D0706E1DE6E679156AD63AAB96ADC16D1CEF1EC68FF5FB165A1F92755C0
开发日记/2026-05-31_开发日记.md,identical,2FE1933BBAF23F2EED3CC06AD59632FCE9E47229A778A3581EFBB150D0E953D3,2FE1933BBAF23F2EED3CC06AD59632FCE9E47229A778A3581EFBB150D0E953D3
开发日记/2026-06-02_开发日记.md,identical,B36F2EF68CE1557769F3546230991D6961F7C4E529355CEE57CBD5B611432A96,B36F2EF68CE1557769F3546230991D6961F7C4E529355CEE57CBD5B611432A96
开发日记/2026-05-30_开发日记.md,identical,7013980FBF4E9935647E415AEC24D49DACDEE74582F36C57894DFEB4B9232F09,7013980FBF4E9935647E415AEC24D49DACDEE74582F36C57894DFEB4B9232F09
next-env.d.ts,identical,85AE5AEE75F011967CF2D25CBC342F62D69314E9D925F7F4AA3456FC2CFFCCA6,85AE5AEE75F011967CF2D25CBC342F62D69314E9D925F7F4AA3456FC2CFFCCA6
supabase/migrations/202606120001_parent_feedback_confirm_idempotency.sql,identical,4D192D48135043D339A5B7654315E43793ACAD6F5479A0E28C54EDA1D27605BA,4D192D48135043D339A5B7654315E43793ACAD6F5479A0E28C54EDA1D27605BA
supabase/migrations/202606120002_skillcard_persistence_contract.sql,identical,80B7B49A295E3808BD6D2A917396D4B169B8FA22B884E76BDCABFED737AED4A2,80B7B49A295E3808BD6D2A917396D4B169B8FA22B884E76BDCABFED737AED4A2
supabase/migrations/202606070001_teaching_agent_os_v12_schema.sql,identical,DA459F57A6AC4871CC6B31204268796D336F323FAA91C151A513D50567368AC0,DA459F57A6AC4871CC6B31204268796D336F323FAA91C151A513D50567368AC0
supabase/migrations/202606120003_skill_shell_rls_policies.sql,identical,E81D6A7C0BBA13B21C86CA4427C6CE42C465D228F3F3FA9217573EC97EFF6B65,E81D6A7C0BBA13B21C86CA4427C6CE42C465D228F3F3FA9217573EC97EFF6B65
supabase/migrations/202606150001_learning_material_analyzer_schema.sql,identical,6BA4051F3A732BE58A13FCA8F64113B5AD9DAE9D91CBF9E0B67B8B85987E0241,6BA4051F3A732BE58A13FCA8F64113B5AD9DAE9D91CBF9E0B67B8B85987E0241
supabase/checks/202606130001_skill_shell_readiness_check.sql,identical,B48669367B6BDFE743FFE4D5CD7B80143EE9F5BE20A13607963BD562B1978720,B48669367B6BDFE743FFE4D5CD7B80143EE9F5BE20A13607963BD562B1978720
README.md,adapted,1E3F9531E42885AC115591D6A79D14EF8974F42DF89CE43BA2954848EF91867C,D0C5B63C092F509889A3E88ED102B0E76551B4D64A14732480DC7A0A1FC6BE46
tailwind.config.ts,identical,0DA01F8A19CD5A961D3F0FF9528179619ED5FC7AC26D762B594AADED859C31D7,0DA01F8A19CD5A961D3F0FF9528179619ED5FC7AC26D762B594AADED859C31D7
components/ui/collapsible-section.tsx,identical,2E25D2DF225727B5319B47492CB408F2B89B929638ED893443C831014026686E,2E25D2DF225727B5319B47492CB408F2B89B929638ED893443C831014026686E
components/ui/button.tsx,identical,FC0FDF229E4AC47375D680B734F8ADE8A78C7E31A498D58D804B4E6A5AA1B70C,FC0FDF229E4AC47375D680B734F8ADE8A78C7E31A498D58D804B4E6A5AA1B70C
components/ui/textarea.tsx,identical,3D23FAA04230B6B469557F59E09E525C1175AFC83F902729CFF26AE664C3B802,3D23FAA04230B6B469557F59E09E525C1175AFC83F902729CFF26AE664C3B802
components/ui/input.tsx,identical,39DC41B0E3E2AD378C84D70432407404E4A9C7BD779620DD0D2625435A7A0168,39DC41B0E3E2AD378C84D70432407404E4A9C7BD779620DD0D2625435A7A0168
components/xuemai-workbench/learning-evidence-profile-updates.ts,identical,B18CDD28ADF407C99E5EF0DE937497135BD905983EBCA09937EE3BB476920C9B,B18CDD28ADF407C99E5EF0DE937497135BD905983EBCA09937EE3BB476920C9B
components/xuemai-workbench/TaskReviewWorkspace.tsx,adapted,0006EA8F14D8C2F27C9B23D262F2F8974BE2A3ECC2F5384D4F3E633407CEAC7F,57C9BD4754C0FD1552EB928C507B5F953D1FBC85FD51CC32D32C55D08F8099A3
components/xuemai-workbench/skill-run-event-view.ts,identical,55F7FE7D431CD0CCAC4EDC1ABB0BE338114B3CD6668594214549043468B5DF0D,55F7FE7D431CD0CCAC4EDC1ABB0BE338114B3CD6668594214549043468B5DF0D
components/xuemai-workbench/Drawers.tsx,identical,1F855E7876F86A0254266709E72E4ABDA6942EAB861AE30DAE8A25C81F773C74,1F855E7876F86A0254266709E72E4ABDA6942EAB861AE30DAE8A25C81F773C74
components/xuemai-workbench/shared.tsx,identical,1082BF8570D986EEEBDF1B780A5C23B6E03B7279598CCB20647BD8F7BAB8B266,1082BF8570D986EEEBDF1B780A5C23B6E03B7279598CCB20647BD8F7BAB8B266
components/xuemai-workbench/SkillCard.tsx,adapted,7E1DD4697A933062A4456D0315FFD691F2984EECC4F866BE6BDD98448F9AAFC5,05F23E11502D31661145C9DE28A38A0B6CB07ED192086309A19DD71B4B6371EA
components/xuemai-workbench/ContextPanel.tsx,adapted,A9D88458BC6025DA684EFC38E60A94C3079BBC91D7D0D4584E67393FE233D863,2B1E9D2923BAB0D84126E8CC99220B164DBB47A19FBCDBB1C61ABD1B8A09BC14
components/xuemai-workbench/subject-utils.ts,identical,3B7FF813FD365016D063D087788AEFD02154715611D3EA8E3C7BE11FBB702D28,3B7FF813FD365016D063D087788AEFD02154715611D3EA8E3C7BE11FBB702D28
components/xuemai-workbench/skill-runner-adapter.ts,identical,E19DB0978C1AD797E0ECCB63894CE1C05321D4F9A20947CF40EC50EFEC6A3B4F,E19DB0978C1AD797E0ECCB63894CE1C05321D4F9A20947CF40EC50EFEC6A3B4F
components/xuemai-workbench/work-overview-model.ts,removed,ED575A86EA3C5D6A35AAC11299B5604F2778D1D78ED1EC36C7AF25CCFD29D6C7,
components/xuemai-workbench/learning-material-user-result-view.ts,identical,2AE7F4DAB30301ADBC8E98DDA8265FF2139228148DECF65D206FC017D1B85CE1,2AE7F4DAB30301ADBC8E98DDA8265FF2139228148DECF65D206FC017D1B85CE1
components/xuemai-workbench/SideChatPanel.tsx,adapted,8A53C27C1177C3CBD4630285F7F69A62A5FA5702D19802F556C0C970AA5548E4,04DC00BD60D28F26F8238C577C901F8970C00B07AAC0F31B53783E654266278C
components/xuemai-workbench/student-timeline-view.ts,identical,429654A58F7B98E20AFB2A6BBB560FFCD4B0B0A583A67C4F49068F4361DDCA12,429654A58F7B98E20AFB2A6BBB560FFCD4B0B0A583A67C4F49068F4361DDCA12
components/xuemai-workbench/storage.ts,identical,AF0BEF1CFBF2CC322B917EB1AAFBCAE5437F5EA7601E778A0A2B0D5B5CDF6752,AF0BEF1CFBF2CC322B917EB1AAFBCAE5437F5EA7601E778A0A2B0D5B5CDF6752
components/xuemai-workbench/WorkOverviewPanel.tsx,adapted,262910B1E8A85EC524E5FFFD0EFF6E10D83B8832F420CEEDEDC9A01640A38B23,C27276042CF4DF8E5C6EA268E31C53BD3EF36E76583608C5613407F3C130F6D6
components/xuemai-workbench/chat-engine.ts,identical,6F1C6BC39ABD42199549DDCFF365877142AD11DBA00348F38A146EC753DED51F,6F1C6BC39ABD42199549DDCFF365877142AD11DBA00348F38A146EC753DED51F
components/xuemai-workbench/skill-card-version.ts,adapted,4661CB7EC55631FD115D607088DED2DE8C337FF83335357A319009256395C875,CEC66472052DD1FC3322668BEE44161EB1F2761FC45A2F3B6A18E24D97D62B28
components/xuemai-workbench/StudentDetailModal.tsx,adapted,D47E789F196A1015A7B21DCC48043330F6509799C8C7AC35881D64F95ABD6BE0,BE8DD7EF85550CBEB0352D0890259C5C61C4132BE89EE3231C48D4E987057FEE
components/xuemai-workbench/Panels.tsx,adapted,7F5017897FF374E9D42FD315879191AE3CB298F9CEBC6496F64697AC062D75C3,592FF3C315BFE2AEF9E2751BC41DA3C022907AB9FCFB38405B9FF8AF599DDEC9
components/xuemai-workbench/XuemaiWorkbenchApp.tsx,adapted,3295035E5950BB099F5F7DE857733B73F8030DF5DDEA4492FB2EF806A2C28324,20CE9706DBD3283D01F2A49C920C9042292117C771899826AD001E09C11DC21A
components/xuemai-workbench/CreateDialog.tsx,adapted,3617986E96A976C0F11EDA29855C8A9D1709BD79C43C82BC540504331CED19D7,16B355E63924C518D589FB0020CB17E963F30A4FD1FC23FB95C315512BDE811F
components/xuemai-workbench/types.ts,adapted,E72644F9ED50404D7CB1DCAF5B437758A46983A67A506608E2839A14B98F7EC6,A56203D8330F96C0E103671FB1E986360A77AB9759DC15DA9B92E4DE15A437D3
components/xuemai-workbench/ChatParts.tsx,adapted,4E8A9E470C4451BDAA3EC9003306856C015226DE02C324B01ADE33AC08616B98,7A87EB1F2CC333A750EC3DD37336C4F9082EF2DC633631BEAB10C5BAA39D7370
components/xuemai-workbench/learning-evidence-report-view.ts,identical,D951946A74475A96941DB1D2B09B451EBBBE0A55ADA8633F7C386DF9025ECECD,D951946A74475A96941DB1D2B09B451EBBBE0A55ADA8633F7C386DF9025ECECD
components/xuemai-workbench/time-format.ts,identical,4B9202772AF5DB4E24FDB118E3D0D362C9A9271C88380A1DFA15405688641256,4B9202772AF5DB4E24FDB118E3D0D362C9A9271C88380A1DFA15405688641256
components/xuemai-workbench/LearningEvidenceReportPanel.tsx,identical,08FAB2EB4BF2407D70ECA737E1241526A3DF5424F6B172D979B0E25CE15C3589,08FAB2EB4BF2407D70ECA737E1241526A3DF5424F6B172D979B0E25CE15C3589
components/xuemai-workbench/monthly-report-view.ts,identical,78BCB22500E8C24C9182D676CB433606C1112C687EE4A3EB167F9E0C7784A408,78BCB22500E8C24C9182D676CB433606C1112C687EE4A3EB167F9E0C7784A408
components/xuemai-workbench/supabase-persistence-adapter.ts,identical,B4A75DBE4A8B81BFEBBFE3E64EC96306A568CFDA9DDFB437C205DD3DDA0BC710,B4A75DBE4A8B81BFEBBFE3E64EC96306A568CFDA9DDFB437C205DD3DDA0BC710
components/xuemai-workbench/MonthlyReportPanel.tsx,identical,961087906EE8284E89771EDEB65368D957DEF62F3D4AA17496E40675B0414207,961087906EE8284E89771EDEB65368D957DEF62F3D4AA17496E40675B0414207
components/xuemai-workbench/LearningMaterialUserResultPanel.tsx,identical,0F081D681676D6755D4F68E641784157F477B4B95BF72FAFE6E6164EF1753521,0F081D681676D6755D4F68E641784157F477B4B95BF72FAFE6E6164EF1753521
components/xuemai-workbench/persistence.ts,identical,AA7454440522E1EC3D5C1F782767675E23D529AF9561DB5F472D23E16A1A3F3B,AA7454440522E1EC3D5C1F782767675E23D529AF9561DB5F472D23E16A1A3F3B
components/xuemai-workbench/Navigation.tsx,adapted,3B4720F86E4C685A263DA4E5AA4863C2C8A2577B9F31FBA083C3A96056A91A8A,7F59D613C040E766F7D2DD3D873ED70EFFDA32CF74E84DB8EB945A36C66C4406
components/xuemai-workbench/mock-data.ts,identical,BD138F3D2C1D5CEC455E69430AB048CBB3FFEC24F3461CA00555549078B10D08,BD138F3D2C1D5CEC455E69430AB048CBB3FFEC24F3461CA00555549078B10D08
components/tasks/TaskExecutionWorkspace.tsx,identical,24CD2780861CCCC44A3B8815C4409DA3A2B366EECA9124D4EF8A91EA7AB601E2,24CD2780861CCCC44A3B8815C4409DA3A2B366EECA9124D4EF8A91EA7AB601E2
components/layout/BackButton.tsx,identical,865BBE0F1E9F76C4BD584F48739CADC4C2930310B34D406DEA27A75224BA7DD9,865BBE0F1E9F76C4BD584F48739CADC4C2930310B34D406DEA27A75224BA7DD9
components/layout/Topbar.tsx,identical,B35C81435F6969EEE93F5D53DC1DB9C14703176A5EE57F45ABE64847AAE6633B,B35C81435F6969EEE93F5D53DC1DB9C14703176A5EE57F45ABE64847AAE6633B
components/layout/AppShell.tsx,identical,6FBA533B076DD901737812E8A76BF50943AD3FCF486A079B032F5042CEFC62F4,6FBA533B076DD901737812E8A76BF50943AD3FCF486A079B032F5042CEFC62F4
components/layout/BottomTabBar.tsx,identical,E0730E1A8A4079B4A3924386FEAAB2DB38E8FCC9B6FFF7F64AC0F918BE731054,E0730E1A8A4079B4A3924386FEAAB2DB38E8FCC9B6FFF7F64AC0F918BE731054
components/layout/Sidebar.tsx,identical,4D2DFC29C3C408F73B2A73E7CA9B401D58EDC6BBD7A6F9E159EE1175AE390C3A,4D2DFC29C3C408F73B2A73E7CA9B401D58EDC6BBD7A6F9E159EE1175AE390C3A
components/xuemai/StudentActionBar.tsx,identical,59831A92E5B35F57D4463E12026879432BFA6491062A9C8F2ACCDB824D31025D,59831A92E5B35F57D4463E12026879432BFA6491062A9C8F2ACCDB824D31025D
components/xuemai/LearningTimeline.tsx,identical,19AD887F47EE32DEA9091E66E4DE3C736CCE095EE6989D094356161EB93C8D02,19AD887F47EE32DEA9091E66E4DE3C736CCE095EE6989D094356161EB93C8D02
components/xuemai/TimelineFilterTabs.tsx,identical,19EAA3B896AB4041F653186A7147057DBC0F8D6206ECEBE2821AB3E65FAE605C,19EAA3B896AB4041F653186A7147057DBC0F8D6206ECEBE2821AB3E65FAE605C
components/xuemai/StudentProfileCard.tsx,identical,4EEC50F8C70FAB4A9BCE52A6717DCBC9ED96BDB9571E864A3C38E850745912D6,4EEC50F8C70FAB4A9BCE52A6717DCBC9ED96BDB9571E864A3C38E850745912D6
components/xuemai/StudentLearningWorkspace.tsx,identical,C49E3E241EF869ABD484A95F2BEE496408DF6B759BFCD3F615991A2B1C299FCF,C49E3E241EF869ABD484A95F2BEE496408DF6B759BFCD3F615991A2B1C299FCF
components/xuemai/ClassTimeline.tsx,identical,06975F4E7ABDB6984D1E74426F9E5B59B26889A4EE4E37A93C89301AD00ADACB,06975F4E7ABDB6984D1E74426F9E5B59B26889A4EE4E37A93C89301AD00ADACB
components/xuemai/WeaknessEvidenceCard.tsx,identical,F93A733C3BF5CFF7C17B073D456B84292FAF9B1E50A4873BAAA17E2819250800,F93A733C3BF5CFF7C17B073D456B84292FAF9B1E50A4873BAAA17E2819250800
components/xuemai/ClassInsightWorkspace.tsx,identical,474BF7871F087723CB6D0D348AB77E689D7145B75C1EF26A5DE41E79FF2BB273,474BF7871F087723CB6D0D348AB77E689D7145B75C1EF26A5DE41E79FF2BB273
components/xuemai/StudentStatusCard.tsx,identical,4D57BAF86C357397A1085E711E76D5EAD3FCDD6952E029CD47D7C498DDC73A83,4D57BAF86C357397A1085E711E76D5EAD3FCDD6952E029CD47D7C498DDC73A83
components/xuemai/ClassInsightCard.tsx,identical,B10852330A2D8376963A455F0BD65E76937EC8757F6E009BCFCA2A7B19C7C60B,B10852330A2D8376963A455F0BD65E76937EC8757F6E009BCFCA2A7B19C7C60B
components/xuemai/AISuggestionCard.tsx,identical,DC249ED2BAAE04667BBB2108F19DB5F40020BB6DAAFA5B377E8FFEEAB45EE525,DC249ED2BAAE04667BBB2108F19DB5F40020BB6DAAFA5B377E8FFEEAB45EE525
components/xuemai/TimelineDetailDrawer.tsx,identical,953C6D8F7EA9BCDF38AE68955C0CEFA10E400F68B516493412C27F2AEE38881F,953C6D8F7EA9BCDF38AE68955C0CEFA10E400F68B516493412C27F2AEE38881F
components/xuemai/TimelineEventCard.tsx,identical,C1A9F517C1300F06BCD40513EB7CA49D5F8E28F3C6D5D9D0A08122411810A219,C1A9F517C1300F06BCD40513EB7CA49D5F8E28F3C6D5D9D0A08122411810A219
components/parent-feedback/ParentFeedbackPanel.tsx,identical,F750977C2E8A7F800B4393F188DBB7D6CF9DA476C4D8F370E9291B182B364FD7,F750977C2E8A7F800B4393F188DBB7D6CF9DA476C4D8F370E9291B182B364FD7
components/lessonledger/LessonLedgerLoginApp.tsx,identical,1D8BD14039DF9BFD2A9F3B0332240FCB5C3FD285333CC9EDDC88F285B97753BA,1D8BD14039DF9BFD2A9F3B0332240FCB5C3FD285333CC9EDDC88F285B97753BA
components/lessonledger/LessonLedgerApp.tsx,identical,45F110191C622D495443806E581F58119BD5AA145A118073066A385BED06B41E,45F110191C622D495443806E581F58119BD5AA145A118073066A385BED06B41E
components/lessonledger/FamilyInviteActivationApp.tsx,identical,1B7A8F98BF308B70AFC264DB153731C2A7312F5D3FF19B05E38EF3AC940CCB98,1B7A8F98BF308B70AFC264DB153731C2A7312F5D3FF19B05E38EF3AC940CCB98
components/feedback/PracticeFeedbackWorkspace.tsx,identical,36611F0A89D42FF1127ECAA87084E38DA233D98A7749330262B6972BF8073BE4,36611F0A89D42FF1127ECAA87084E38DA233D98A7749330262B6972BF8073BE4
components/feedback/FeedbackDraftPanel.tsx,identical,F02668C84672BFCF09208F18A5A11CC3F8EF5C1024E524257578E14637C3DC27,F02668C84672BFCF09208F18A5A11CC3F8EF5C1024E524257578E14637C3DC27
components/dashboard/RecentActivity.tsx,identical,70E0E6427FC9805796B794A7287A23988B62A8A9FB2102118FAD6D97F496FE86,70E0E6427FC9805796B794A7287A23988B62A8A9FB2102118FAD6D97F496FE86
components/dashboard/AgentTaskPanel.tsx,identical,D01E2DBED59FBA7C1DE109E33F56D3C10962FEC979E1ECF184DFC1681A544EF5,D01E2DBED59FBA7C1DE109E33F56D3C10962FEC979E1ECF184DFC1681A544EF5
components/dashboard/AgentContextPanel.tsx,identical,F2C2E340B3230B3286DCE1FE35D019F1418469018FE42A8E33A7CBF8C2109533,F2C2E340B3230B3286DCE1FE35D019F1418469018FE42A8E33A7CBF8C2109533
components/dashboard/QuickActions.tsx,identical,7FDB5AB0E0432B9DD319809B49E4B03887063CF53C7170369DB71500EF132181,7FDB5AB0E0432B9DD319809B49E4B03887063CF53C7170369DB71500EF132181
components/students/StudentProfilePanel.tsx,identical,CFE93B9B1C4F8232DF2F9F991E9F0DF5F8ADAB3952E97513D3179CAB0F89DEAB,CFE93B9B1C4F8232DF2F9F991E9F0DF5F8ADAB3952E97513D3179CAB0F89DEAB
components/students/StudentCard.tsx,identical,BA26369E1B8C19738983236CBC60D2A97FE4E61750514264633DF180DA1F69F6,BA26369E1B8C19738983236CBC60D2A97FE4E61750514264633DF180DA1F69F6
components/teacher-demo/demo-data.ts,identical,8DB5DF319ACBC6BD3775579E756BB26FAB85912BE5584EA1E66EF01FF652EFDC,8DB5DF319ACBC6BD3775579E756BB26FAB85912BE5584EA1E66EF01FF652EFDC
components/teacher-demo/TeacherDemoNavigation.tsx,identical,4AA0CA5AD891562CBB61A82B844FF343B8FEA73E63A00C499AE09D61106A4C9E,4AA0CA5AD891562CBB61A82B844FF343B8FEA73E63A00C499AE09D61106A4C9E
components/teacher-demo/TeacherPainDemo.tsx,identical,A167AFB63689210B8DD1B1707276ADE0A304C99FD15B22E165B2DCBB74A15E1B,A167AFB63689210B8DD1B1707276ADE0A304C99FD15B22E165B2DCBB74A15E1B
components/teacher-demo/TeacherDemoOverview.tsx,identical,B2756020731FAB9880D77A8044DBB660D68D352BF1FB945148F815E01BC9FF71,B2756020731FAB9880D77A8044DBB660D68D352BF1FB945148F815E01BC9FF71
components/teacher-demo/types.ts,identical,4328072D0043074509C341C2E115CF6ECBB19CAAA8F27CC668DB76FD6E2CEB55,4328072D0043074509C341C2E115CF6ECBB19CAAA8F27CC668DB76FD6E2CEB55
components/teacher-demo/TeacherDemoContext.tsx,identical,3ADB812615C673CEFF4D667DCBEE753646A4085D97FE371449CFCC094C8692C8,3ADB812615C673CEFF4D667DCBEE753646A4085D97FE371449CFCC094C8692C8
components/teacher-demo/demo-state.ts,identical,3E34A326921B162FC11D5D69938D21AF08952CBE6C961B3CC2BD783513BD9FD4,3E34A326921B162FC11D5D69938D21AF08952CBE6C961B3CC2BD783513BD9FD4
components/teacher-demo/TeacherDemoCaptureDialog.tsx,identical,DDE0CB33E1C1FCA348A74357B57BAC53D0628CE71689FAC59F1EE4C73E90176D,DDE0CB33E1C1FCA348A74357B57BAC53D0628CE71689FAC59F1EE4C73E90176D
components/teacher-demo/TeacherDemoQueue.tsx,identical,58FBFEB810F62CDBB09D757EC44D3D049CEDF853073EDD2C3D93E151344A4206,58FBFEB810F62CDBB09D757EC44D3D049CEDF853073EDD2C3D93E151344A4206
components/teacher-demo/TeacherDemoAnalysisDrawer.tsx,identical,C9CA3B3DDD6BA30D2AABF57880EB53A727B7EC0A81D847FBA320338DF4423A5C,C9CA3B3DDD6BA30D2AABF57880EB53A727B7EC0A81D847FBA320338DF4423A5C
components/teacher-demo/TeacherDemoWorkspace.tsx,identical,3CDFFB2024962157AB3A74BF6146F3B53B9EB44A22BC01B1297A01802684B618,3CDFFB2024962157AB3A74BF6146F3B53B9EB44A22BC01B1297A01802684B618
components/borrowed-shell/BorrowedShellApp.tsx,identical,37AE3BB5CC7D854772E9DDF0B57AE2D666B5B2C66928314A676FD25DB9B98B21,37AE3BB5CC7D854772E9DDF0B57AE2D666B5B2C66928314A676FD25DB9B98B21
public/xuemai-logo.png,identical,55064E4C620A7D2C9B9EAEAF7B06F4CDA8110F1038EF84B6A7BEDFB553151B57,55064E4C620A7D2C9B9EAEAF7B06F4CDA8110F1038EF84B6A7BEDFB553151B57
public/share/xuemai-founder-video.mp4,identical,E32D904552257289B37E11289404A6F9148AC62853C4AD2A4EF996E1017A5772,E32D904552257289B37E11289404A6F9148AC62853C4AD2A4EF996E1017A5772
.gitignore,adapted,66A60A14CAB2D738CDA055CA8AABFD347E6DEBC01C08490BD309DC8D1B09CB73,DF4EE711178DB10B919C618193BB20BCC066389DB1C0FD8A58469EAE1193ED37
package-lock.json,adapted,419DFAE6F66FCD0FF0C532D20F81C091774025F03DDB9F8C5412EF32DC94071A,DF06F1F6D3837D2934A9C67AA4FFD48BE4F8253E25DBBC62B3B052C463D9241D
package.json,adapted,0EA9BD9272BA3687EC844FEB0891F992AF6341D7C5CD117A0D3FA0CC1105A4CE,34FF85404D417417139CFE9A4DDD7536C91C1D6FF175D7FD87FF0791E571CC1C
mobile/app/index.tsx,identical,1AB7455475E2014B29EFAD6175B5B8DAC95A84F3BC0FEAD513EDD70DB461B5EB,1AB7455475E2014B29EFAD6175B5B8DAC95A84F3BC0FEAD513EDD70DB461B5EB
mobile/app/login.tsx,identical,8781D7C2E226B26B869D77C0FB0C93E30722C5D80F2ADECE96EF9FA1CDE9628F,8781D7C2E226B26B869D77C0FB0C93E30722C5D80F2ADECE96EF9FA1CDE9628F
mobile/app/(tabs)/index.tsx,identical,4769E701E31F6297D457A612E8970C79106319BD706AC4D31C959BF273A22B23,4769E701E31F6297D457A612E8970C79106319BD706AC4D31C959BF273A22B23
mobile/app/(tabs)/reports.tsx,identical,326673C13ED7B2DCB0376FDF9558E48F6F831C420954271B940FE1317D0D3CDF,326673C13ED7B2DCB0376FDF9558E48F6F831C420954271B940FE1317D0D3CDF
mobile/app/(tabs)/classes.tsx,identical,40CF31831E49CE796E4A989AA96040853D379B03958D97300D55B955AABFA2DA,40CF31831E49CE796E4A989AA96040853D379B03958D97300D55B955AABFA2DA
mobile/app/(tabs)/profile.tsx,identical,6851CB2971FE1D24393DADECD98BCBD2E132936D6174F9C11C0BE892051BA952,6851CB2971FE1D24393DADECD98BCBD2E132936D6174F9C11C0BE892051BA952
mobile/app/(tabs)/_layout.tsx,identical,B97C77818B50984D46776695B6FE53E3A7087B2451E3A6570F4BD81119E50E0E,B97C77818B50984D46776695B6FE53E3A7087B2451E3A6570F4BD81119E50E0E
mobile/app/(tabs)/ai.tsx,identical,765302ACA8964A7702BAF3A6FC2EE0BFF43079E864C42F0F8C08CBBE80B3F35D,765302ACA8964A7702BAF3A6FC2EE0BFF43079E864C42F0F8C08CBBE80B3F35D
mobile/app/student/[id].tsx,identical,3A898D7C916740548F7CEF65BE0CC50F1BCF7DB7D4218320787D4366E8E6C23B,3A898D7C916740548F7CEF65BE0CC50F1BCF7DB7D4218320787D4366E8E6C23B
mobile/app/ai-analyzing.tsx,identical,31B450CDB25736FA392A4F567C337469AFA55851A61D901B0A4C4B7571B3AE7A,31B450CDB25736FA392A4F567C337469AFA55851A61D901B0A4C4B7571B3AE7A
mobile/app/register.tsx,identical,3EE8E5A7FAB466CE9B5A360EF7C7B0C668A39D938ABFD33E35DCFC6459F72FF8,3EE8E5A7FAB466CE9B5A360EF7C7B0C668A39D938ABFD33E35DCFC6459F72FF8
mobile/app/batch-feedback.tsx,identical,AF1E676A39A19E5610A1FC1A8061F77C867BDD65D3E4C6346BB7834A4E8FCC15,AF1E676A39A19E5610A1FC1A8061F77C867BDD65D3E4C6346BB7834A4E8FCC15
mobile/app/photo-confirm.tsx,identical,679C385804083F99B8F827EE6466972448C4AF38555456D8CC771793A271159A,679C385804083F99B8F827EE6466972448C4AF38555456D8CC771793A271159A
mobile/app/class-create.tsx,identical,82512EAA8E4F37BFEE8EF86D1E26D2D8599B7E714007886B58CFD5103EAFAB3F,82512EAA8E4F37BFEE8EF86D1E26D2D8599B7E714007886B58CFD5103EAFAB3F
mobile/app/photo-upload.tsx,identical,0A8B77B85165D67A23EFF5DDB41583F5420DDFD5746B0FEF4A2E20B3205EA212,0A8B77B85165D67A23EFF5DDB41583F5420DDFD5746B0FEF4A2E20B3205EA212
mobile/app/+not-found.tsx,identical,15CDEDB3A72569928EC4C68F1670A8A1641589B9805922A6135D927074F24EC2,15CDEDB3A72569928EC4C68F1670A8A1641589B9805922A6135D927074F24EC2
mobile/app/notifications.tsx,identical,A4E0A9C41CF3A917F51E05D645E1ED174CB8C155FB9DAF62137F79F9588B3313,A4E0A9C41CF3A917F51E05D645E1ED174CB8C155FB9DAF62137F79F9588B3313
mobile/app/identity.tsx,identical,E5B58AE3DB339C5F553844BB784AFB7F9D61AAC2CDA088CF45FF16087FE5572C,E5B58AE3DB339C5F553844BB784AFB7F9D61AAC2CDA088CF45FF16087FE5572C
mobile/app/class/[id].tsx,identical,F51A5C7FC8F688BEB660332EEB62206E90FA34B7BA18AA9D9DF5E3A6677808FC,F51A5C7FC8F688BEB660332EEB62206E90FA34B7BA18AA9D9DF5E3A6677808FC
mobile/app/_layout.tsx,identical,830A8FA35AFFA52E86B0237494D835AD2E6BFF2B27C48758BF662F9A829DE5E6,830A8FA35AFFA52E86B0237494D835AD2E6BFF2B27C48758BF662F9A829DE5E6
mobile/app/ai-analysis-result.tsx,identical,A259D514ACFED6570B275696DD470B45E3F09413A6D5AF3E1599BEA765A9EC37,A259D514ACFED6570B275696DD470B45E3F09413A6D5AF3E1599BEA765A9EC37
mobile/app/report/[id].tsx,identical,866FD35EE462A9A4682401F16BA2EF31D67247EB2880499CAD542E368AB2BDF3,866FD35EE462A9A4682401F16BA2EF31D67247EB2880499CAD542E368AB2BDF3
mobile/app/forgot-password.tsx,identical,9624AE17DEC2EB136A9B3AFFA132DD7D6745D31C462DB2C33E1466E3A49EB135,9624AE17DEC2EB136A9B3AFFA132DD7D6745D31C462DB2C33E1466E3A49EB135
mobile/app/feedback-edit.tsx,identical,D8845DE46F11F148D255E559F04093685B078D713167E2990ECEB60F99BE3538,D8845DE46F11F148D255E559F04093685B078D713167E2990ECEB60F99BE3538
mobile/app/+html.tsx,identical,3F1DE70DDC2F4A8AA091745C48610914D1A66535FA274A0AC8FE96D847A38E0F,3F1DE70DDC2F4A8AA091745C48610914D1A66535FA274A0AC8FE96D847A38E0F
mobile/app/student-create.tsx,identical,63E2E96AC6F342DB0A5BAA4786145352890F5083474BABC95568D6D34D1F5C1E,63E2E96AC6F342DB0A5BAA4786145352890F5083474BABC95568D6D34D1F5C1E
mobile/LICENSE,identical,FB3CA4A837F5779E83CEF89B78253A8949CFB9429C340309F62D0465EC6610B4,FB3CA4A837F5779E83CEF89B78253A8949CFB9429C340309F62D0465EC6610B4
mobile/app.json,identical,EF7822FAF1EAF0C39FFFD1E4CAA0EA56CAD2EE02AE234CF1C0E22A5A8C8E046E,EF7822FAF1EAF0C39FFFD1E4CAA0EA56CAD2EE02AE234CF1C0E22A5A8C8E046E
mobile/constants/Colors.ts,identical,1E8682F64BCDD00B0672E22A459F0158F22179EB780496ABFF71C585F41E5014,1E8682F64BCDD00B0672E22A459F0158F22179EB780496ABFF71C585F41E5014
mobile/.claude/settings.json,identical,1E7BE1A32A758BE623E4897BCD97715F42C1585F3D7389EAA996C230E8FE9834,1E7BE1A32A758BE623E4897BCD97715F42C1585F3D7389EAA996C230E8FE9834
mobile/components/ui/BottomSheet.tsx,identical,86ECC229AE49D5CC5A1B4738B0B3CF1CDAB95B3340F3E200F17AFBE0D31A40BE,86ECC229AE49D5CC5A1B4738B0B3CF1CDAB95B3340F3E200F17AFBE0D31A40BE
mobile/components/ui/Card.tsx,identical,E95051844D42DBE96BB9CA058CDB93439127DEB57AA934CC28E13D03CB7D62EB,E95051844D42DBE96BB9CA058CDB93439127DEB57AA934CC28E13D03CB7D62EB
mobile/components/ui/ProgressBar.tsx,identical,453DFD9E5AEE766B61AC1093CD2183B905AE243C2C112B150E953C68CCB96A30,453DFD9E5AEE766B61AC1093CD2183B905AE243C2C112B150E953C68CCB96A30
mobile/components/ui/AppText.tsx,identical,5A6686859A3960D84DA18BB90F2D5431971D9044942EE7229679517EC6BEE5F5,5A6686859A3960D84DA18BB90F2D5431971D9044942EE7229679517EC6BEE5F5
mobile/components/ui/SectionHeader.tsx,identical,247F271E6D6C1419BBC105E48541A13EEE3A7E23D22B4ECD6AC354FACECB4F04,247F271E6D6C1419BBC105E48541A13EEE3A7E23D22B4ECD6AC354FACECB4F04
mobile/components/ui/FixedActionBar.tsx,identical,0AA44075526FF5B707C22332351EEFB6A93EFB9EE2BDC0FE5AD4E440EFD74109,0AA44075526FF5B707C22332351EEFB6A93EFB9EE2BDC0FE5AD4E440EFD74109
mobile/components/ui/TopAppBar.tsx,identical,84241A501ADC1681E320310C95FF9B7E1976F2FAE4DD5B51A7A43BAACBE60E2C,84241A501ADC1681E320310C95FF9B7E1976F2FAE4DD5B51A7A43BAACBE60E2C
mobile/components/ui/Screen.tsx,identical,2D6CE3DBEBF4D538BDBDDEFAABABF8CDFF87E0B3F9EB399C26BF592885923208,2D6CE3DBEBF4D538BDBDDEFAABABF8CDFF87E0B3F9EB399C26BF592885923208
mobile/components/ui/Badge.tsx,identical,D49DD0D6C3765837CE04A1A2319E66C115F9D688E67C182A6072E0041F663D72,D49DD0D6C3765837CE04A1A2319E66C115F9D688E67C182A6072E0041F663D72
mobile/components/ui/FormCard.tsx,identical,57137468E1ADC0177054EE8A7748742634C5929BC863923FE2F985E3D69A1EC2,57137468E1ADC0177054EE8A7748742634C5929BC863923FE2F985E3D69A1EC2
mobile/components/ui/Button.tsx,identical,ED3F0D83F90DE6CEFA0D0AB15B0AD4AB70099102060528C83E1725B37A05829B,ED3F0D83F90DE6CEFA0D0AB15B0AD4AB70099102060528C83E1725B37A05829B
mobile/components/ui/EmptyState.tsx,identical,A7E19290C703AC0A4D2BF111AE58BE12E7BE64CFD13BE70690C0B324CEB1DBDC,A7E19290C703AC0A4D2BF111AE58BE12E7BE64CFD13BE70690C0B324CEB1DBDC
mobile/components/ExternalLink.tsx,identical,C119983D699A49CA2044B2121AF247687397105B42582B3548E44FAC4AD79FD3,C119983D699A49CA2044B2121AF247687397105B42582B3548E44FAC4AD79FD3
mobile/components/Themed.tsx,identical,5B0214D6921820A0921CB22D6FFC119E87AF2B3188CF272644CA71BDDAAAD0F7,5B0214D6921820A0921CB22D6FFC119E87AF2B3188CF272644CA71BDDAAAD0F7
mobile/components/business/AiCommandBar.tsx,identical,B16731929816058A5E62D89330B3AA9737AC640DDC0F0892CDFDEE5E6AA84988,B16731929816058A5E62D89330B3AA9737AC640DDC0F0892CDFDEE5E6AA84988
mobile/components/business/StudentTaskCard.tsx,identical,BB58EB95E1251E3821154E30728A697EA6F12E57769A8D1D8D43D31073C49757,BB58EB95E1251E3821154E30728A697EA6F12E57769A8D1D8D43D31073C49757
mobile/components/business/StudentAvatar.tsx,identical,DCACD624930E471A1B598F962B6C1E78DD908D8C158AD995EEF33E6E34289613,DCACD624930E471A1B598F962B6C1E78DD908D8C158AD995EEF33E6E34289613
mobile/components/useColorScheme.web.ts,identical,D9C64D66BDCEA774B5F3BEB7D83CFF9819C3A022F18967EE90739CF082F87405,D9C64D66BDCEA774B5F3BEB7D83CFF9819C3A022F18967EE90739CF082F87405
mobile/components/StyledText.tsx,identical,A8205E5FF28DA3CF084086115026CFAD6CFBBF3ACCEBE8F1639B1CA637598B3D,A8205E5FF28DA3CF084086115026CFAD6CFBBF3ACCEBE8F1639B1CA637598B3D
mobile/components/useClientOnlyValue.ts,identical,4DCB4613CC6ACF588513B7AA98057AE03079582168F99618F29D0F63219F60BF,4DCB4613CC6ACF588513B7AA98057AE03079582168F99618F29D0F63219F60BF
mobile/components/useColorScheme.ts,identical,F95611D559261C181047DEEDF5E71BEDF7B0FCAD57E515C68B69420D4BC56F6B,F95611D559261C181047DEEDF5E71BEDF7B0FCAD57E515C68B69420D4BC56F6B
mobile/components/useClientOnlyValue.web.ts,identical,B1373F614F38C94C900A6E0ACFCF871CD980F1AAD58DC87552323A67A1DAFAD0,B1373F614F38C94C900A6E0ACFCF871CD980F1AAD58DC87552323A67A1DAFAD0
mobile/.gitignore,identical,5936B94A73A28B6735DE672B54C2C058A33C9AE1EDB62D87D6A4418E14447805,5936B94A73A28B6735DE672B54C2C058A33C9AE1EDB62D87D6A4418E14447805
mobile/package-lock.json,identical,5D4EC33185CC750AD0008C288C27CD94673CE6DDEA76FDF04D156DBC61042D3C,5D4EC33185CC750AD0008C288C27CD94673CE6DDEA76FDF04D156DBC61042D3C
mobile/package.json,identical,5D507EA667C895C3572C9A8473A023588D02840BC5CF3BBCBE0E5DE435107B65,5D507EA667C895C3572C9A8473A023588D02840BC5CF3BBCBE0E5DE435107B65
mobile/theme/tokens.ts,identical,60D4B34CFD31A19831613B0A0112A63E1FF4078140A92ADD8BB4FF1EA1AF39AF,60D4B34CFD31A19831613B0A0112A63E1FF4078140A92ADD8BB4FF1EA1AF39AF
mobile/lib/types/domain.ts,identical,AF78F93F24900B71C232D83CE1A7E3F38E6F3A8022315A4759C7432DDE6631F4,AF78F93F24900B71C232D83CE1A7E3F38E6F3A8022315A4759C7432DDE6631F4
mobile/lib/mock/data.ts,identical,3FE896E61A861AB34CC4C05937852B10BBD11A745FB4B8E2808DCF0673837C89,3FE896E61A861AB34CC4C05937852B10BBD11A745FB4B8E2808DCF0673837C89
mobile/lib/workflows/feedback.ts,identical,3DDD468391CC621990B2154871E02964F3143D1BC6ACB249D9A56B9E5C3F6A2B,3DDD468391CC621990B2154871E02964F3143D1BC6ACB249D9A56B9E5C3F6A2B
mobile/lib/store/app-store.tsx,identical,23CB9997AE8C282004597CEF3485C3139E12DB58AB87CF1B5529C4895FAE8AD5,23CB9997AE8C282004597CEF3485C3139E12DB58AB87CF1B5529C4895FAE8AD5
mobile/tsconfig.json,identical,5FC60342EB12AD6A2D7834502B95318E86A1CE0962B846A07D88229F57983256,5FC60342EB12AD6A2D7834502B95318E86A1CE0962B846A07D88229F57983256
mobile/AGENTS.md,identical,2F9031BC78A538066ADAEE47E212D2F5F2FD5727C1F35F0A463EB21837037039,2F9031BC78A538066ADAEE47E212D2F5F2FD5727C1F35F0A463EB21837037039
mobile/.vscode/settings.json,identical,C9D2A3300E5453B399D9A092A29AABB67ADFC59623ABD5B03B1143557386C39C,C9D2A3300E5453B399D9A092A29AABB67ADFC59623ABD5B03B1143557386C39C
mobile/.vscode/extensions.json,identical,F54CD822DCE0AF53953015F71CE04F91D4FCEC4AC02ECB28658D636004C4BBCE,F54CD822DCE0AF53953015F71CE04F91D4FCEC4AC02ECB28658D636004C4BBCE
mobile/assets/images/icon.png,identical,119462BB78EB240A65C869FC067EE599639B3CB5A41953F25C07B17D2A8C7E0F,119462BB78EB240A65C869FC067EE599639B3CB5A41953F25C07B17D2A8C7E0F
mobile/assets/images/android-icon-background.png,identical,FB139C2DEE362EBF2070E23B96DA6FC0D43F8492DE38B8AF1FD7223E19B5861D,FB139C2DEE362EBF2070E23B96DA6FC0D43F8492DE38B8AF1FD7223E19B5861D
mobile/assets/images/favicon.png,identical,A4E030697A7571B3E95D31860E4DA55D2F98E5E861E2B55E414F45A8556828BA,A4E030697A7571B3E95D31860E4DA55D2F98E5E861E2B55E414F45A8556828BA
mobile/assets/images/android-icon-foreground.png,identical,9E3D0315A33C6799DE601DD34CD8BF8CC3A8D16F3BF75592BAEC2CEB7240B391,9E3D0315A33C6799DE601DD34CD8BF8CC3A8D16F3BF75592BAEC2CEB7240B391
mobile/assets/images/android-icon-monochrome.png,identical,6371FC2C12E33AD2215A86C281DB3D682A81BEBE7C957A842C13B8BF00CCEB83,6371FC2C12E33AD2215A86C281DB3D682A81BEBE7C957A842C13B8BF00CCEB83
mobile/assets/images/splash-icon.png,identical,5F4C0A732B6325BF4071D9124D2AE67E037CB24FCC9C482EF82BEA742109A3B8,5F4C0A732B6325BF4071D9124D2AE67E037CB24FCC9C482EF82BEA742109A3B8
mobile/assets/fonts/SpaceMono-Regular.ttf,identical,4C322514D265062AA3F7FBD81F5B79391CCB74268E6A20600061E0CE33234F41,4C322514D265062AA3F7FBD81F5B79391CCB74268E6A20600061E0CE33234F41
mobile/CLAUDE.md,identical,336CC4FBF19BEAADA7CCF9986414FA91851A8D7A07DFB3CCBE800A69EED0AB49,336CC4FBF19BEAADA7CCF9986414FA91851A8D7A07DFB3CCBE800A69EED0AB49
CONTRIBUTING.md,identical,C749A11F0E961287BF3ED8D76C3E3242926C0589798262F653EFEECD44792744,C749A11F0E961287BF3ED8D76C3E3242926C0589798262F653EFEECD44792744
scripts/dev-stable.mjs,identical,AF1B94231C0DE870CC4D76B9867BBD61932415F398A9A315193CD6A884DC128C,AF1B94231C0DE870CC4D76B9867BBD61932415F398A9A315193CD6A884DC128C
.github/PULL_REQUEST_TEMPLATE.md,identical,8F830101839774AC5EB9D0B7028BECC161D9CCF863413AEC0966ED73B4932C25,8F830101839774AC5EB9D0B7028BECC161D9CCF863413AEC0966ED73B4932C25
lib/mock/data.ts,identical,AB9E9DCB384AFD179FB6CB068B887AF5E826703338A2D45F9794BDF41E262676,AB9E9DCB384AFD179FB6CB068B887AF5E826703338A2D45F9794BDF41E262676
lib/mock/xuemai-ai-class.ts,identical,4AA98A03D90DCD15686863AB8A46EC6C2AE16C722D4CDEFA8041E071C69D9353,4AA98A03D90DCD15686863AB8A46EC6C2AE16C722D4CDEFA8041E071C69D9353
lib/mock/xuemai-ai-profile.ts,identical,99AAD58FA10E5B803F2DCA3E31CD2A4EA71DD2F17579693FEBFFAA0B1C0E4D05,99AAD58FA10E5B803F2DCA3E31CD2A4EA71DD2F17579693FEBFFAA0B1C0E4D05
lib/mock/xuemai-workflows.ts,identical,DB6A26B8B3729A53119045B493E7F7B5D60A37B61EC12C3DC6DBAECE82E36238,DB6A26B8B3729A53119045B493E7F7B5D60A37B61EC12C3DC6DBAECE82E36238
lib/mock/xuemai-data.ts,identical,89E5F505126D90B6CFF3CDC51C5CCABD20607D1FFA7B3C6E7AC8D5F4502E37EB,89E5F505126D90B6CFF3CDC51C5CCABD20607D1FFA7B3C6E7AC8D5F4502E37EB
lib/mock/xuemai-types.ts,identical,EAFEFBD02787BD9FAD99DD814E17A44E01B22C1F6EFD78E863E830AD8764A4D1,EAFEFBD02787BD9FAD99DD814E17A44E01B22C1F6EFD78E863E830AD8764A4D1
lib/utils.ts,identical,D33C8E7F42BB62A4F1C2ABC03F9730D5405322C7547F4E761B100A0798B933DD,D33C8E7F42BB62A4F1C2ABC03F9730D5405322C7547F4E761B100A0798B933DD
lib/ai/wechat-feedback.ts,identical,7573EAA2FA3A7A72400826FF796C9FD01D1A4BCF0CDD08202779753F60212BE0,7573EAA2FA3A7A72400826FF796C9FD01D1A4BCF0CDD08202779753F60212BE0
lib/ai/practice-recognition.ts,identical,6F5D23CE56665012B17BCEEF12C7FA4EAA0D2B9ED5133E7DAB91A124D194CC37,6F5D23CE56665012B17BCEEF12C7FA4EAA0D2B9ED5133E7DAB91A124D194CC37
tsconfig.json,adapted,A2303C5AF62E4AB1C7C4E98086E8E2764B6AC987CC3AC74F83EA9CDB05621444,3407C7927FB78033326154D16CC2C1990C986F6EB6E51BBC91C563D7AEB4C02F
opendesign/index.html,identical,F919DACE6F23D19AC6A1C540D50E97078D97B162D68920AF49AF0DFEC1861CD6,F919DACE6F23D19AC6A1C540D50E97078D97B162D68920AF49AF0DFEC1861CD6
opendesign/references/original-overview.png,identical,C59E61E04E08D6133A7033E5CF487B1AC8D86623763C2CC33FD967598CAB227A,C59E61E04E08D6133A7033E5CF487B1AC8D86623763C2CC33FD967598CAB227A
opendesign/references/optimized-workbench-final.png,identical,FB71C4951C37E71E1D77F4BF11513DC808139FFBAF1D84E272E1DB4FAC42B3F1,FB71C4951C37E71E1D77F4BF11513DC808139FFBAF1D84E272E1DB4FAC42B3F1
opendesign/references/optimized-workbench-v1.png,identical,E51CDA36699AB55D0346D97CBE5B75E30F4E89F6E5894B7324B23335E5B3C813,E51CDA36699AB55D0346D97CBE5B75E30F4E89F6E5894B7324B23335E5B3C813
opendesign/references/optimized-workbench-mobile.png,identical,5AC5F95160CE226A4B32FC776439F03160DDD6B4F60170AD25371912B25A8532,5AC5F95160CE226A4B32FC776439F03160DDD6B4F60170AD25371912B25A8532
opendesign/references/original-workbench.png,identical,1136B47109D38DBAAE4FF90AC400B57E28DF3946B075CB36760387F174AD8CAB,1136B47109D38DBAAE4FF90AC400B57E28DF3946B075CB36760387F174AD8CAB
opendesign/mockups/teacher-service-workbench/index.html,identical,50D343629BAD7B706E31E2682D930ABB2869C9233BEEE01BA20A0596F98E38D5,50D343629BAD7B706E31E2682D930ABB2869C9233BEEE01BA20A0596F98E38D5
opendesign/manifest.json,identical,43E407BD22861977AF9673C23FABC239D9D0259383FBD08DF27678C8AC15CED1,43E407BD22861977AF9673C23FABC239D9D0259383FBD08DF27678C8AC15CED1
opendesign/design-systems/xuemai-product/brand/voice-and-tone.md,identical,B3CB0D07389553F3B0FE5D0F230218F30F21EB1640A1D8B2561BFBCAAD6B23ED,B3CB0D07389553F3B0FE5D0F230218F30F21EB1640A1D8B2561BFBCAAD6B23ED
opendesign/design-systems/xuemai-product/README.md,identical,DDAD58CA10065F9C29AAB3A8C6D6EB19FA2C21BBA175A2FF9170CF5A6F4E1EDE,DDAD58CA10065F9C29AAB3A8C6D6EB19FA2C21BBA175A2FF9170CF5A6F4E1EDE
opendesign/design-systems/xuemai-product/SKILL.md,identical,091DB2E797B8401DCD1D1EBFB8194DC2D48C4F4119547A43AAFCFD8D1A82127F,091DB2E797B8401DCD1D1EBFB8194DC2D48C4F4119547A43AAFCFD8D1A82127F
opendesign/design-systems/xuemai-product/tokens/colors_and_type.css,identical,99DCA6B838A0964C57430962D7868C7CE3F1028BF18DD49A2ED5BE9BE8D34090,99DCA6B838A0964C57430962D7868C7CE3F1028BF18DD49A2ED5BE9BE8D34090
AGENTS.md,adapted,57D515C816D8426C69C2C9089FAB3CAC95F1F519E94E0941DE0856F6A1B81002,51F5F8BAAD2BC526AD01CC68D55257DEADBF6112B865D60D31481896A5D50E61
vitest.config.ts,adapted,F73AE2010A44C6B0432B329693AB27DC8552C794B9FFCEFA52670B82AEAD0635,B5BBC8C71DC41B9918E76D39C6F40993089980822C54B365C5054BA358C823F5
.vercelignore,identical,C3F5707FFCF0C56CD718268B8007EFB8E96B9A19BFE9103450DDBFE612708C80,C3F5707FFCF0C56CD718268B8007EFB8E96B9A19BFE9103450DDBFE612708C80
design-qa.md,identical,6F8B9097426CB7F770B7AF586504DAD000DB187367090FE03F5FC05D014C237B,6F8B9097426CB7F770B7AF586504DAD000DB187367090FE03F5FC05D014C237B
eslint.config.mjs,adapted,F39A6D387A75400F2E2B9B3A1043C16E39250BB30E0E3199006D19B52C8BCDF5,481398E5746D49CD50BE8A898CFFD038C3C5FF50BE2C3A950FE4081126BC5706
src/features/classes/README.md,identical,7CE90C5BE234FAD5A30619358753524640B31C420F6592BC79B889A13DA25D91,7CE90C5BE234FAD5A30619358753524640B31C420F6592BC79B889A13DA25D91
src/features/README.md,identical,0D84E934EBCCE6A7A56D57BC72C3830BBCCFF9BA122F0A2D7B7438B9F4E270CD,0D84E934EBCCE6A7A56D57BC72C3830BBCCFF9BA122F0A2D7B7438B9F4E270CD
src/features/students/README.md,identical,19B4A18DFCBD751E172C2845181D06D103CD80B8C451693DC0767687D7BF5868,19B4A18DFCBD751E172C2845181D06D103CD80B8C451693DC0767687D7BF5868
src/features/conversations/README.md,identical,772766BA3E270B5398ED8BF1FC3032900924FE99ADCDD5A1ADCCABBC24462850,772766BA3E270B5398ED8BF1FC3032900924FE99ADCDD5A1ADCCABBC24462850
src/features/skills/README.md,identical,5F1563AE2B728B1C1C405F6A77237F7EF00A97A2312A7442C3E5ED9706ADD16A,5F1563AE2B728B1C1C405F6A77237F7EF00A97A2312A7442C3E5ED9706ADD16A
src/features/reports/README.md,identical,69E3EA914A80484E3A01161CB3F27A62F00D02F2D74E4873929C4301AAF05C03,69E3EA914A80484E3A01161CB3F27A62F00D02F2D74E4873929C4301AAF05C03
src/agents/batch-feedback/README.md,identical,E3A4FB47027F906161938A0E2B9CBA812E41C4CAB9A2AFE7E29CCDD1208152F9,E3A4FB47027F906161938A0E2B9CBA812E41C4CAB9A2AFE7E29CCDD1208152F9
src/agents/parent-feedback/confirm.ts,identical,F51AB34A085D74DA00F8DA4B3072E8DC174B0A6AB3736B9FA4E53DF1AB93DA64,F51AB34A085D74DA00F8DA4B3072E8DC174B0A6AB3736B9FA4E53DF1AB93DA64
src/agents/parent-feedback/evaluator.ts,identical,724C6B26071AABC4EF1E0D1CA8E2C01CC60E22EAA2D6889394785468B8492FA5,724C6B26071AABC4EF1E0D1CA8E2C01CC60E22EAA2D6889394785468B8492FA5
src/agents/parent-feedback/api-contract.ts,identical,AC03A862FF3D4440B02B60C853CABFC760AC71C334A476B01A519A9038CA0AA1,AC03A862FF3D4440B02B60C853CABFC760AC71C334A476B01A519A9038CA0AA1
src/agents/parent-feedback/workflow.ts,identical,0C46BF3133BB3FEAF2BDBDFFCE2C49C97A17E5828A76E25E1F7DA997922F3A56,0C46BF3133BB3FEAF2BDBDFFCE2C49C97A17E5828A76E25E1F7DA997922F3A56
src/agents/parent-feedback/prompt.ts,identical,2912FC3DD9B944E391C3FD4AF90C224679A77AF574A12B9AAAA1629FD4585AA2,2912FC3DD9B944E391C3FD4AF90C224679A77AF574A12B9AAAA1629FD4585AA2
src/agents/parent-feedback/agent.ts,identical,6B02B0557B0C6AC022295EF289D4622614CF9263280CD159F54A41AACFFC22CF,6B02B0557B0C6AC022295EF289D4622614CF9263280CD159F54A41AACFFC22CF
src/agents/parent-feedback/context.ts,identical,6C5806BC8FE837ECD680011B1BF932BCF8A7E6AC7A34437C620AC38C4FC75F72,6C5806BC8FE837ECD680011B1BF932BCF8A7E6AC7A34437C620AC38C4FC75F72
src/agents/parent-feedback/guardrails.ts,identical,BDAFD7D19E1340C702045C849021E2A0CB57B53CADA651AB0298399C0EC1C70B,BDAFD7D19E1340C702045C849021E2A0CB57B53CADA651AB0298399C0EC1C70B
src/agents/parent-feedback/README.md,identical,398077A9F8991C956335DD1D230A468979AC65AB6368CD5F813EB9EFFCC8D7E8,398077A9F8991C956335DD1D230A468979AC65AB6368CD5F813EB9EFFCC8D7E8
src/agents/parent-feedback/types.ts,identical,28EA768CBE82C66617A29FA9C7195274AF2B53908899F30653047B84B85C7A6E,28EA768CBE82C66617A29FA9C7195274AF2B53908899F30653047B84B85C7A6E
src/agents/parent-feedback/api-errors.ts,identical,E5B64E4ACA65E24261000F9A23505D68D34D934E0202A9BCAB281BE31D82AB5B,E5B64E4ACA65E24261000F9A23505D68D34D934E0202A9BCAB281BE31D82AB5B
src/agents/parent-feedback/constants.ts,identical,794D3DB84BE25E8AB8F53546F5435E8E5550F30E28841C021318656C0F24B037,794D3DB84BE25E8AB8F53546F5435E8E5550F30E28841C021318656C0F24B037
src/agents/parent-feedback/recovery.ts,identical,72CF5F93607E464DBB848EC076A35864AB7FA839C769385A230528F7198D1FA3,72CF5F93607E464DBB848EC076A35864AB7FA839C769385A230528F7198D1FA3
src/agents/shared/tools/tool-types.ts,identical,76E5AC2F34F9225FA710879A54B23F0C285BA9E84038B2E3B529E1624AF5639F,76E5AC2F34F9225FA710879A54B23F0C285BA9E84038B2E3B529E1624AF5639F
src/agents/shared/tools/tool-registry.ts,identical,346478D1D857A74F9A70D7EB1D3215EBB268F3BB172C8C6A7CEF61958434A506,346478D1D857A74F9A70D7EB1D3215EBB268F3BB172C8C6A7CEF61958434A506
src/agents/shared/tools/student-tools.ts,identical,5F358CC62E3A909DE1882733FF33051B57AFEDA0A63B4D32BC305A1A89A04905,5F358CC62E3A909DE1882733FF33051B57AFEDA0A63B4D32BC305A1A89A04905
src/agents/shared/tools/README.md,identical,85E4CE143D317FDBC672F211560C376EC627207601307456A19C758746F19AF2,85E4CE143D317FDBC672F211560C376EC627207601307456A19C758746F19AF2
src/agents/shared/tools/learning-record-tools.ts,identical,ECB94AD9964EAE00EDE81D31223148E1BA025F188EE0860BB8C2AFC99BC56054,ECB94AD9964EAE00EDE81D31223148E1BA025F188EE0860BB8C2AFC99BC56054
src/agents/shared/tools/feedback-tools.ts,identical,85B350BB70826864F545EB20030050E4F326C374D3DAB46DAD17E6DB9152CC50,85B350BB70826864F545EB20030050E4F326C374D3DAB46DAD17E6DB9152CC50
src/agents/shared/tools/supabase-server-client.ts,identical,DA7A03DD8BBC1A61E0311C5E0D5A9F671BD8ADB297ABD31ABD8CBDD71AAF41FA,DA7A03DD8BBC1A61E0311C5E0D5A9F671BD8ADB297ABD31ABD8CBDD71AAF41FA
src/agents/shared/context/context-priority.ts,identical,1C60B41D0E66422664366D7B690EA3A18D4881C58435435C2A7F6DD992EF8CA4,1C60B41D0E66422664366D7B690EA3A18D4881C58435435C2A7F6DD992EF8CA4
src/agents/shared/context/README.md,identical,A70555D8AE6DBE3914E71348C8868629DF7A44651E06041017883D1C1143A2EB,A70555D8AE6DBE3914E71348C8868629DF7A44651E06041017883D1C1143A2EB
src/agents/shared/context/context-builder.ts,identical,0052F8C900F25A49BE0EA1D62D2BF7FA9DD3136CC3932FBF01CE880905240006,0052F8C900F25A49BE0EA1D62D2BF7FA9DD3136CC3932FBF01CE880905240006
src/agents/shared/context/context-types.ts,identical,0945A2CD701677B81FB3CD2D88173A1642AF8C13EDD126EA3286D54B7BF07952,0945A2CD701677B81FB3CD2D88173A1642AF8C13EDD126EA3286D54B7BF07952
src/agents/shared/guardrails/privacy-rules.ts,identical,76CD51003B6065D6A54062D5BEA297B7395117CBB515CCB8E447DCC3FF73F5A1,76CD51003B6065D6A54062D5BEA297B7395117CBB515CCB8E447DCC3FF73F5A1
src/agents/shared/guardrails/README.md,identical,A82013EF552B9EA0C23302668916FA0B31F8645E0E0A6741A0419DB9632BD0F4,A82013EF552B9EA0C23302668916FA0B31F8645E0E0A6741A0419DB9632BD0F4
src/agents/shared/guardrails/guardrail-engine.ts,identical,98D5E5615198DA7357B68CAD0BC95BC6FF2BD8691AC7C9AF56CA07C2A4C28333,98D5E5615198DA7357B68CAD0BC95BC6FF2BD8691AC7C9AF56CA07C2A4C28333
src/agents/shared/guardrails/parent-communication-rules.ts,identical,53633FD9139124DDA2201301A8697C00F2F8C31B6124345B6801689F05AF4DCD,53633FD9139124DDA2201301A8697C00F2F8C31B6124345B6801689F05AF4DCD
src/agents/shared/memory/README.md,identical,BD64A1421E6695EFD111A33D355247CE03B8B2B5CFE5E29F8DB1067D6E4E75D2,BD64A1421E6695EFD111A33D355247CE03B8B2B5CFE5E29F8DB1067D6E4E75D2
src/agents/shared/auth/teacher-session.ts,identical,B0CFB0CE298F161BB2C1B0B327DD8C185CC95745C67CEA5FB2E252D5E012ACEB,B0CFB0CE298F161BB2C1B0B327DD8C185CC95745C67CEA5FB2E252D5E012ACEB
src/agents/shared/auth/ownership.ts,identical,1D974608EEEDFFEB257D3A2B863DD99101E0AB67F7772618510F1664BFD43990,1D974608EEEDFFEB257D3A2B863DD99101E0AB67F7772618510F1664BFD43990
src/agents/shared/recovery/fallback.ts,identical,9467B060065F57926448AB19D836839A60B6FCD5BE9D1232621D56F811A01AD5,9467B060065F57926448AB19D836839A60B6FCD5BE9D1232621D56F811A01AD5
src/agents/shared/recovery/retry.ts,identical,201C3E610A04E6A5C77308EFC5CD87EC00AFF77DA62E4F119038F96D36963103,201C3E610A04E6A5C77308EFC5CD87EC00AFF77DA62E4F119038F96D36963103
src/agents/shared/recovery/README.md,identical,C8FF7DF1184F074AAD220E02DF5931D6B1ADC06F76D41A974ACE8AF5D3EF6DE8,C8FF7DF1184F074AAD220E02DF5931D6B1ADC06F76D41A974ACE8AF5D3EF6DE8
src/agents/shared/recovery/error-map.ts,identical,3B21D6D08331CB59C60DE92CDACA1835368D405FC87B2AB29183AF83B59016B9,3B21D6D08331CB59C60DE92CDACA1835368D405FC87B2AB29183AF83B59016B9
src/agents/shared/README.md,identical,5F7FE046F8150062589DE6DCF2FFA9784A7C648D0B51D1F92B775E13B511EDFF,5F7FE046F8150062589DE6DCF2FFA9784A7C648D0B51D1F92B775E13B511EDFF
src/agents/shared/model/call-model.ts,identical,595D4D113E6B8D81443DABA652189E09794A0F3D1400CC16637EFB03D82B1E35,595D4D113E6B8D81443DABA652189E09794A0F3D1400CC16637EFB03D82B1E35
src/agents/shared/model/README.md,identical,EF5A2B1A81501A02288E9F7886C4FA31C88EAE0B70D51D19D44D873427F8C0C8,EF5A2B1A81501A02288E9F7886C4FA31C88EAE0B70D51D19D44D873427F8C0C8
src/agents/shared/model/model-config.ts,identical,55E3D0C95EEF87FA553FD1D051D2327151B550BF102F566100889E33364B8E71,55E3D0C95EEF87FA553FD1D051D2327151B550BF102F566100889E33364B8E71
src/agents/shared/model/openai-compatible-client.ts,identical,CFE795F5753D1D592E0335D99593396618F9F6DF4D7C9D00CB56C79CF85C0E0D,CFE795F5753D1D592E0335D99593396618F9F6DF4D7C9D00CB56C79CF85C0E0D
src/agents/shared/evaluation/evaluator.ts,identical,650DBE19C6ADA56D908EEE170C196E4BFAB1C6093A1C88BC8CEE7F5C30B733BE,650DBE19C6ADA56D908EEE170C196E4BFAB1C6093A1C88BC8CEE7F5C30B733BE
src/agents/shared/evaluation/quality-rubrics.ts,identical,76FA3B634BB0B9B25AC6D4F5A70F7AB32AF665DBF0432FE1F886D9246BA07217,76FA3B634BB0B9B25AC6D4F5A70F7AB32AF665DBF0432FE1F886D9246BA07217
src/agents/shared/evaluation/README.md,identical,132B44C9E1EEFCC70F314B0CCB331AB766AFAAD3BA9311D26DEA004DF7322BA5,132B44C9E1EEFCC70F314B0CCB331AB766AFAAD3BA9311D26DEA004DF7322BA5
src/agents/shared/evaluation/scoring.ts,identical,F5FA6A7FC5FB628C85E4592B55A4FF85F80EB7FE011098B391188CBFF3BDE534,F5FA6A7FC5FB628C85E4592B55A4FF85F80EB7FE011098B391188CBFF3BDE534
src/agents/shared/run/README.md,identical,55755DEC5B6066B2D72D41B2D481B6E6552B847BF85AD7E234301521D4184B8D,55755DEC5B6066B2D72D41B2D481B6E6552B847BF85AD7E234301521D4184B8D
src/agents/shared/run/agent-runner.ts,identical,FA7811158CF329B23CD0A9A365EABA9B8CA63B53D12D79AA2B10300CD5665FC6,FA7811158CF329B23CD0A9A365EABA9B8CA63B53D12D79AA2B10300CD5665FC6
src/agents/shared/run/run-status.ts,identical,A53DC45FE6A27FE53AB05523BC4C7FF4B53B9ABAD0C2C3082BA80D187BC0E715,A53DC45FE6A27FE53AB05523BC4C7FF4B53B9ABAD0C2C3082BA80D187BC0E715
src/agents/shared/run/run-types.ts,identical,277FE7EAE6A5220DF739E0FB0BABB792B9966D6DCA3C67F48C5C9BDE21C98C30,277FE7EAE6A5220DF739E0FB0BABB792B9966D6DCA3C67F48C5C9BDE21C98C30
src/agents/shared/logging/run-logger.ts,identical,4DB033DAF313EC2355FA42F8E834E1EE9CF8730C840BCF189B0C5253058ED2EE,4DB033DAF313EC2355FA42F8E834E1EE9CF8730C840BCF189B0C5253058ED2EE
src/agents/shared/logging/supabase-run-logger.ts,identical,1F6396CAAED1EDBC492F872DB6E373103838865A4F94F8F7D85FACFE01F75D4A,1F6396CAAED1EDBC492F872DB6E373103838865A4F94F8F7D85FACFE01F75D4A
src/agents/shared/logging/README.md,identical,4FCEEFFDC4DAEEB1E170191FE0127924351D3383234CEC66B6C7D045390E943E,4FCEEFFDC4DAEEB1E170191FE0127924351D3383234CEC66B6C7D045390E943E
src/agents/shared/logging/trace-types.ts,identical,A2734305717418B521EAD0CD1386908D74B95DDE886EDF89CA4C2508D9954DD1,A2734305717418B521EAD0CD1386908D74B95DDE886EDF89CA4C2508D9954DD1
src/agents/README.md,identical,74C9F68B11F47F29D4C4E26E25525777A4C59DD1CEE830F9A56F3671B59B620C,74C9F68B11F47F29D4C4E26E25525777A4C59DD1CEE830F9A56F3671B59B620C
src/agents/types.ts,identical,D1C70F8573B45FDAA0AB8F289EC8E46BBF6F0D4323B95F73487E6D55148D4095,D1C70F8573B45FDAA0AB8F289EC8E46BBF6F0D4323B95F73487E6D55148D4095
src/agents/wrong-question-analysis/README.md,identical,0B4C624526EE1BE343619479EC28893D975C529CD9A6BEF3FFB8734F73A59237,0B4C624526EE1BE343619479EC28893D975C529CD9A6BEF3FFB8734F73A59237
src/agents/monthly-report/README.md,identical,D1635F4FB81445339566CE72FC5A57EBB4B1D3B981611CC2556B9D8C9E50E689,D1635F4FB81445339566CE72FC5A57EBB4B1D3B981611CC2556B9D8C9E50E689
src/agents/registry.ts,identical,3E3E07FC9816838B6440C75949EF79CBCC9475C3F1531F5F076AD0918BA16B38,3E3E07FC9816838B6440C75949EF79CBCC9475C3F1531F5F076AD0918BA16B38
src/agents/lesson-planning/README.md,identical,469D070C9482C33FFE8613402769D049321FF1C5BE5ED3CB9FD460277820DDAD,469D070C9482C33FFE8613402769D049321FF1C5BE5ED3CB9FD460277820DDAD
src/agents/orchestrator/README.md,identical,B64B8ED2BF9054EFB44581318330E3BAFAA35AF7827F2D0E7E0C20B47F033EC9,B64B8ED2BF9054EFB44581318330E3BAFAA35AF7827F2D0E7E0C20B47F033EC9
src/agents/student-profile/README.md,identical,9B690683212DA50CD286DA90E6846C5D81553188CAA10EB8E65F14F9F556AE6D,9B690683212DA50CD286DA90E6846C5D81553188CAA10EB8E65F14F9F556AE6D
src/lessonledger/ai-provider.ts,identical,344E62F78D5D83C3AE9D00B7A3551A14876EBD825738626FCA70A5774C16CA7C,344E62F78D5D83C3AE9D00B7A3551A14876EBD825738626FCA70A5774C16CA7C
src/lessonledger/repository.ts,identical,4909F58B1244660114AFA1C8D45084CA4526C5825D77AB5E756882C8D98DDEBA,4909F58B1244660114AFA1C8D45084CA4526C5825D77AB5E756882C8D98DDEBA
src/lessonledger/seed.ts,identical,1AF8E3A33758F0226C89898F8496EB4FAFE7E61974CE47D8F1510220ED37F27A,1AF8E3A33758F0226C89898F8496EB4FAFE7E61974CE47D8F1510220ED37F27A
src/lessonledger/types.ts,identical,ECF89390DB5C79D4FD73461575133819DF0520352A510AD1FF8C7F3137C7E19E,ECF89390DB5C79D4FD73461575133819DF0520352A510AD1FF8C7F3137C7E19E
src/lessonledger/service.ts,identical,3FB74A657F1B5D724BA4E039292B439066F5387A3B486DD9DBFCAD0084B9C8B4,3FB74A657F1B5D724BA4E039292B439066F5387A3B486DD9DBFCAD0084B9C8B4
src/components/skill-launcher/README.md,identical,334510797EAA7BC7C8122AEAE9BBC74F59F722861B5CF1CD1D5EE15707D2316A,334510797EAA7BC7C8122AEAE9BBC74F59F722861B5CF1CD1D5EE15707D2316A
src/components/chat/README.md,identical,5442A96EB9F474D2EE1BAF5A14C95159886E3286270DD3175349D79F0DDDF19B,5442A96EB9F474D2EE1BAF5A14C95159886E3286270DD3175349D79F0DDDF19B
src/components/skill-card/README.md,identical,570798BA348C20DE1D614DAA9BB0815A357751F22A599B13CF952BF1BEB06955,570798BA348C20DE1D614DAA9BB0815A357751F22A599B13CF952BF1BEB06955
src/components/README.md,identical,CE6AA2161B4FE933D24BC7F7BEAE6CF79C3B63426CDE77C58CE3D5F366C2CEBB,CE6AA2161B4FE933D24BC7F7BEAE6CF79C3B63426CDE77C58CE3D5F366C2CEBB
src/components/context-panel/README.md,identical,7AA779D7F299866A12FD32B114F6405E8B58E6FDE2BD04109AA5BBA8B3279C47,7AA779D7F299866A12FD32B114F6405E8B58E6FDE2BD04109AA5BBA8B3279C47
src/ai/context-loaders/README.md,identical,4EAA23DC4D0EED6AA2A7115A68D44DAD34EDBC5B21EF6C31B8376DDD234266B1,4EAA23DC4D0EED6AA2A7115A68D44DAD34EDBC5B21EF6C31B8376DDD234266B1
src/ai/schemas/README.md,identical,20436863B495D0E5E0179271F21F0C974D1A15267F66B7DB32CC17790166BB15,20436863B495D0E5E0179271F21F0C974D1A15267F66B7DB32CC17790166BB15
src/ai/README.md,identical,E328EB1939375DADA433FCB2E7F4FA4D80A32FE7EE4C911A4206FAD6F9970DD6,E328EB1939375DADA433FCB2E7F4FA4D80A32FE7EE4C911A4206FAD6F9970DD6
src/ai/prompts/README.md,identical,373F2F80154B6405A15315C8417165E418163B58BFB191C1B4A99A8DA0D68F95,373F2F80154B6405A15315C8417165E418163B58BFB191C1B4A99A8DA0D68F95
src/ai/risk-checkers/README.md,identical,762145CDB2CBEC5C12FE8400E3CE85D5268D833691700CDD8CFAF9E8F8F9CA09,762145CDB2CBEC5C12FE8400E3CE85D5268D833691700CDD8CFAF9E8F8F9CA09
src/ai/validators/README.md,identical,F50F6DF9D42683F190A41361C75F5351824536293E462C0789E42F48AD57C2EF,F50F6DF9D42683F190A41361C75F5351824536293E462C0789E42F48AD57C2EF
src/db/migrations/README.md,identical,1E742A785E541DD6471936A3CDE77636B4FD5F3E90CEF18DEAFCE5C17163D13D,1E742A785E541DD6471936A3CDE77636B4FD5F3E90CEF18DEAFCE5C17163D13D
src/db/queries/README.md,identical,932547D527077436C6B5FBCD2642DA11A700C96F62E4BB4EF8501B1883CE1E37,932547D527077436C6B5FBCD2642DA11A700C96F62E4BB4EF8501B1883CE1E37
src/db/README.md,identical,BEC367DDF5A7688196E303513075509E950F5517588BFFFF64A41120916A4EA8,BEC367DDF5A7688196E303513075509E950F5517588BFFFF64A41120916A4EA8
src/skills/learning-record-summary.ts,identical,EA536CF9BB12085CB4A015444D5E9371BEE509B1CC3BB21A6D6798761DF5539C,EA536CF9BB12085CB4A015444D5E9371BEE509B1CC3BB21A6D6798761DF5539C
src/skills/README.md,identical,9B672FB56F25D680A67ADFE9E007C92349D5A1F064AE56CBC4F606A3AB15FCED,9B672FB56F25D680A67ADFE9E007C92349D5A1F064AE56CBC4F606A3AB15FCED
src/skills/types.ts,identical,7690ACF98A614170F77F8035D5C8110FF780785A4B06F45D04AEDFE502A11568,7690ACF98A614170F77F8035D5C8110FF780785A4B06F45D04AEDFE502A11568
src/skills/learning-evidence-report.ts,identical,DE1C0517FD74FF9C928ABAAC3ACA1F57DCF1A20E9F0E5CB0E11DA9EA183C89F2,DE1C0517FD74FF9C928ABAAC3ACA1F57DCF1A20E9F0E5CB0E11DA9EA183C89F2
src/skills/actions.ts,identical,CC3FB9AB3763BE3FF8896A6BE34408FB2CFD499474D2FC88CCA0CCD34477D7BC,CC3FB9AB3763BE3FF8896A6BE34408FB2CFD499474D2FC88CCA0CCD34477D7BC
src/skills/monthly-report.ts,identical,EA1023C536937FCF58FAD4E5C8B07D1AD809AAF4210BFE40861BE02BAEE53E41,EA1023C536937FCF58FAD4E5C8B07D1AD809AAF4210BFE40861BE02BAEE53E41
src/skills/persistence/api-contract.ts,identical,C5E81489D2F6D6E7504CDA1233D15063C893413379B16BB3294F6A992D2090D2,C5E81489D2F6D6E7504CDA1233D15063C893413379B16BB3294F6A992D2090D2
src/skills/persistence/readiness.ts,identical,F8F19FF002E471DBEC9E4B0F47F23E297A998326DBDA4BEF96D78E6AC06CBB24,F8F19FF002E471DBEC9E4B0F47F23E297A998326DBDA4BEF96D78E6AC06CBB24
src/skills/persistence/supabase-sync.ts,identical,9996E66F347780B16E92762CEC78974B9A96C64C4F706A80B2B4F092B96CC535,9996E66F347780B16E92762CEC78974B9A96C64C4F706A80B2B4F092B96CC535
src/skills/registry.ts,identical,36A4FDF2358E47EF9DF16163F5587276BACE2696E9B7B30589928DCE8C14ABA7,36A4FDF2358E47EF9DF16163F5587276BACE2696E9B7B30589928DCE8C14ABA7
src/skills/student-learning-material-analyzer/degraded-analysis.ts,identical,4BDC5EC38F6EDFFD4E68704F9E97BEE44032955A83AEDF8474AEA69827A79C48,4BDC5EC38F6EDFFD4E68704F9E97BEE44032955A83AEDF8474AEA69827A79C48
src/skills/student-learning-material-analyzer/question-segmentation-review.ts,identical,C0A9D856397D5F3B6D7EDA96753D1ADC1801A38D8311A99C5DBA0CD404445C00,C0A9D856397D5F3B6D7EDA96753D1ADC1801A38D8311A99C5DBA0CD404445C00
src/skills/student-learning-material-analyzer/gold-label-annotation-task-files.ts,identical,E4AE65D766479151395F22833FF1164437E5C5DAA11752AEF6F079AFA9830667,E4AE65D766479151395F22833FF1164437E5C5DAA11752AEF6F079AFA9830667
src/skills/student-learning-material-analyzer/question-evidence-readiness.ts,identical,F5E4A743D299F79C3882B37FEA348EDE18467785205BDE2B84DBD5B932530D53,F5E4A743D299F79C3882B37FEA348EDE18467785205BDE2B84DBD5B932530D53
src/skills/student-learning-material-analyzer/result-files.ts,identical,2AB4E2879DC4146FB37810A1EA644D13340F30C58219B3C2D9437CC93B47A79D,2AB4E2879DC4146FB37810A1EA644D13340F30C58219B3C2D9437CC93B47A79D
src/skills/student-learning-material-analyzer/supabase-repository.ts,identical,0203CEF64F9EF35B2581B2EBC22277E394F68A80FBAA48CCB6CFCE8E195A2AC4,0203CEF64F9EF35B2581B2EBC22277E394F68A80FBAA48CCB6CFCE8E195A2AC4
src/skills/student-learning-material-analyzer/vision-provider-regression.ts,identical,3851FF1DE324B4A616970079403B995BB6C403D41C0441FFF48A80008AD35013,3851FF1DE324B4A616970079403B995BB6C403D41C0441FFF48A80008AD35013
src/skills/student-learning-material-analyzer/delivery-bundle-files.ts,identical,F2680360712657E1BE2CD3A1BFDF2DD9B0AA1EF3E7EEC566C4F9EB0416FF0D18,F2680360712657E1BE2CD3A1BFDF2DD9B0AA1EF3E7EEC566C4F9EB0416FF0D18
src/skills/student-learning-material-analyzer/vision-adapter-files.ts,identical,BDA764CE346BBFC8DCBC9B6429A51B185F6E65B9516C29A7226AED7A8B4BCBE1,BDA764CE346BBFC8DCBC9B6429A51B185F6E65B9516C29A7226AED7A8B4BCBE1
src/skills/student-learning-material-analyzer/evaluation-claim-audit-files.ts,identical,FF4E876B403E648A79E083DDDE11D815E46217EA591B233352D4090ACEE4F46E,FF4E876B403E648A79E083DDDE11D815E46217EA591B233352D4090ACEE4F46E
src/skills/student-learning-material-analyzer/gold-label-template-files.ts,identical,2F13865C1D8E7D713406D202153BB3771A54BCCC7420963A3DCDC3D89C5528AD,2F13865C1D8E7D713406D202153BB3771A54BCCC7420963A3DCDC3D89C5528AD
src/skills/student-learning-material-analyzer/prompt.ts,identical,1619B6195FE762501991F349622336F275D3E415A609DA206BBEF84B9657C634,1619B6195FE762501991F349622336F275D3E415A609DA206BBEF84B9657C634
src/skills/student-learning-material-analyzer/teacher-review-packet-files.ts,identical,6EFC67AAA03B2AFF2848DCD6257CB055AC5B27AB95865482C986ABC6DB8FC709,6EFC67AAA03B2AFF2848DCD6257CB055AC5B27AB95865482C986ABC6DB8FC709
src/skills/student-learning-material-analyzer/evaluation-sample-plan-files.ts,identical,0AD7376F30F6DD6FD09A2BE420ACABEF2C1DC9B727B5C6E9B08868C626FDD852,0AD7376F30F6DD6FD09A2BE420ACABEF2C1DC9B727B5C6E9B08868C626FDD852
src/skills/student-learning-material-analyzer/user-facing-result.ts,identical,F543083204FFED9546D2582DAC0F5B554CFE92ECE6E3A8AEE8D56CA67D7B94E4,F543083204FFED9546D2582DAC0F5B554CFE92ECE6E3A8AEE8D56CA67D7B94E4
src/skills/student-learning-material-analyzer/evaluation-case-package-readiness-files.ts,identical,4971D196375A52FCD05DE6E719CD5F0A7C03261B1D0A57D4737D7CF8D91C0FAA,4971D196375A52FCD05DE6E719CD5F0A7C03261B1D0A57D4737D7CF8D91C0FAA
src/skills/student-learning-material-analyzer/gold-label-annotation-import-files.ts,identical,D6CCCC1DF6B2565EA28409BFA01420E02EF17612ADC08DA4AB63C6649413658D,D6CCCC1DF6B2565EA28409BFA01420E02EF17612ADC08DA4AB63C6649413658D
src/skills/student-learning-material-analyzer/gold-label-annotation-import.ts,identical,D35F3E72A7E520ED4FE8C0314D58665FCBD7BD276CE7755802EDE88C653DAF50,D35F3E72A7E520ED4FE8C0314D58665FCBD7BD276CE7755802EDE88C653DAF50
src/skills/student-learning-material-analyzer/gold-label-review-report.ts,identical,8A61A289BFE90EEE58683EC78E4AB66B7EE7262AB285FA839F2514119FA0BB70,8A61A289BFE90EEE58683EC78E4AB66B7EE7262AB285FA839F2514119FA0BB70
src/skills/student-learning-material-analyzer/evaluation-assets.ts,identical,082C06E013714AF4D3DE87D6DB9AE881DA3CCBBDBABF84C0DA0F4E89FBBDA76B,082C06E013714AF4D3DE87D6DB9AE881DA3CCBBDBABF84C0DA0F4E89FBBDA76B
src/skills/student-learning-material-analyzer/vision-provider-trial-report.ts,identical,918B4665C4356034D1EF8E70C4506B0F63CF21CA3BCE8C8080498211EE152A66,918B4665C4356034D1EF8E70C4506B0F63CF21CA3BCE8C8080498211EE152A66
src/skills/student-learning-material-analyzer/evaluation-case-package-files.ts,identical,4B84FE444D058CF3506BB8AA2E4D3ACCCB791580FCAB0598817FEF2A055EB162,4B84FE444D058CF3506BB8AA2E4D3ACCCB791580FCAB0598817FEF2A055EB162
src/skills/student-learning-material-analyzer/question-segmentation-review-files.ts,identical,0BBF82694F942DC9585306A1610FA26513E0990E3526DA29D6772C15EC2CA121,0BBF82694F942DC9585306A1610FA26513E0990E3526DA29D6772C15EC2CA121
src/skills/student-learning-material-analyzer/vision-provider.ts,identical,34C41A7FAAF49CFDD88EE46CC051321E22D3B2CFB1AFB8D3101C902E47F68F85,34C41A7FAAF49CFDD88EE46CC051321E22D3B2CFB1AFB8D3101C902E47F68F85
src/skills/student-learning-material-analyzer/monthly-snapshot-archive.ts,identical,08C30F1ADA00F2F3613520AE441552488DE4428E32C193261FC612FC05A36A7F,08C30F1ADA00F2F3613520AE441552488DE4428E32C193261FC612FC05A36A7F
src/skills/student-learning-material-analyzer/evaluation-dataset-from-assets-files.ts,identical,891BB0ACCA71AB2915FB655011A886C48CF921578F9F357CB987519E2859F558,891BB0ACCA71AB2915FB655011A886C48CF921578F9F357CB987519E2859F558
src/skills/student-learning-material-analyzer/gold-labeling.ts,identical,FF5C21DB6EF9169E1BC4CCBF5EB239CCD30778B8F714160E902368CFE4CAFA29,FF5C21DB6EF9169E1BC4CCBF5EB239CCD30778B8F714160E902368CFE4CAFA29
src/skills/student-learning-material-analyzer/model.ts,identical,37B0E745CA19F30D8351F17F37089F598069533C5C57B2568C77E1B30151B766,37B0E745CA19F30D8351F17F37089F598069533C5C57B2568C77E1B30151B766
src/skills/student-learning-material-analyzer/mainland-k12-reference.ts,identical,A6C1609D889A078BEAB0841D7C400C4BEC5C22C76FB66DDE35CD242C0C1076C7,A6C1609D889A078BEAB0841D7C400C4BEC5C22C76FB66DDE35CD242C0C1076C7
src/skills/student-learning-material-analyzer/delivery-bundle.ts,identical,AB3E51CF5064F9A725516BD637AA5FF848B0A7F8B55EDE41E1E1607EFC2D7D0D,AB3E51CF5064F9A725516BD637AA5FF848B0A7F8B55EDE41E1E1607EFC2D7D0D
src/skills/student-learning-material-analyzer/types.ts,identical,E92912EDFCF6311149E57FF665B5179337B05923B9AA2CB8E78B50D7BD17009A,E92912EDFCF6311149E57FF665B5179337B05923B9AA2CB8E78B50D7BD17009A
src/skills/student-learning-material-analyzer/evaluation-regression.ts,identical,77669227DC88205DFDB02656057881000EE139D96500CC3A9B96F495B98A1C3A,77669227DC88205DFDB02656057881000EE139D96500CC3A9B96F495B98A1C3A
src/skills/student-learning-material-analyzer/gold-label-review-report-files.ts,identical,0FA0636764884990EF7DF812FEFBE1869CFEC4AAD35E50291FFE60AD9B38EE31,0FA0636764884990EF7DF812FEFBE1869CFEC4AAD35E50291FFE60AD9B38EE31
src/skills/student-learning-material-analyzer/evaluation-asset-manifest-files.ts,identical,62BDB75857ADE42FAF842F70D4DF62FDEFC75520AC6D66BDCD983B1331EFB5CB,62BDB75857ADE42FAF842F70D4DF62FDEFC75520AC6D66BDCD983B1331EFB5CB
src/skills/student-learning-material-analyzer/teacher-review-packet.ts,identical,0ECAB7B0F772970E2025F23D1B69AAA7F5A07D903ED98A7731EA8144D4FD8080,0ECAB7B0F772970E2025F23D1B69AAA7F5A07D903ED98A7731EA8144D4FD8080
src/skills/student-learning-material-analyzer/vision-provider-trial-report-files.ts,identical,E52959160DDF8BC0417A3A2158A4E37A594D263A2054BBE5F3B89E9779ED14EF,E52959160DDF8BC0417A3A2158A4E37A594D263A2054BBE5F3B89E9779ED14EF
src/skills/student-learning-material-analyzer/validators.ts,identical,7946B2EA525F4E001EC169514A535CF235E42C21232FF6E34E8ABCEE08F368FF,7946B2EA525F4E001EC169514A535CF235E42C21232FF6E34E8ABCEE08F368FF
src/skills/student-learning-material-analyzer/evaluation.ts,identical,BBE15D2378F0F7DE6C28833950B3777F1EE38078EE7D8D605818CFD9FAC6F244,BBE15D2378F0F7DE6C28833950B3777F1EE38078EE7D8D605818CFD9FAC6F244
src/skills/student-learning-material-analyzer/output-files.ts,identical,45A4C5202CD70EC4E27403C91D82A99AADF72CFEB3F192F727AE5FA9E908E120,45A4C5202CD70EC4E27403C91D82A99AADF72CFEB3F192F727AE5FA9E908E120
src/skills/student-learning-material-analyzer/vision-adapter.ts,identical,08A9D87ECE4368AD972E17AD0CF194C15552A5F27700848CE06151A80A0A954F,08A9D87ECE4368AD972E17AD0CF194C15552A5F27700848CE06151A80A0A954F
src/skills/student-learning-material-analyzer/memory-repository.ts,identical,0186EEA217F04BE9D9B4627D32A0BB5AEE732A5CDBAF03217C7244A7F366228D,0186EEA217F04BE9D9B4627D32A0BB5AEE732A5CDBAF03217C7244A7F366228D
src/skills/student-learning-material-analyzer/mock-fixtures.ts,identical,08D57802D7FFCD97F0124403F070FFFFE3C8FA66294FE830CDD90E1897087405,08D57802D7FFCD97F0124403F070FFFFE3C8FA66294FE830CDD90E1897087405
src/skills/student-learning-material-analyzer/gold-label-annotation-task.ts,identical,34CAA4B60B69531592CC6A7557E22C9AEE2917A58E546C520920527EE53C62C9,34CAA4B60B69531592CC6A7557E22C9AEE2917A58E546C520920527EE53C62C9
src/skills/student-learning-material-analyzer/evaluation-files.ts,identical,A33BE694604F677E9C0ACB357FD58F00F04559D208E7E3434663123CB27EF1E8,A33BE694604F677E9C0ACB357FD58F00F04559D208E7E3434663123CB27EF1E8
src/skills/student-learning-material-analyzer/evaluation-artifact-bundle-files.ts,identical,E3ED07F0D8D507EB87B36671F88ECEEC3B38481C32EF9C6F6B7E010DCDEA0DE9,E3ED07F0D8D507EB87B36671F88ECEEC3B38481C32EF9C6F6B7E010DCDEA0DE9
src/skills/student-learning-material-analyzer/runner.ts,identical,64B22712DF6167CD043EF43762BABCFA4BBA742E1FF641A923EA6DC25DDFD716,64B22712DF6167CD043EF43762BABCFA4BBA742E1FF641A923EA6DC25DDFD716
src/skills/student-learning-material-analyzer/mock-user-facing-result.ts,identical,5AF6C213A90235CBDA48EE739EF64DA4E9C229566DC6674C6ED1B1345B351438,5AF6C213A90235CBDA48EE739EF64DA4E9C229566DC6674C6ED1B1345B351438
src/skills/student-learning-material-analyzer/material-classifier.ts,identical,A77C8D823B95E878035533EBCDB97FAD60063A72AD64CBA5CC523ABE7BAC4E48,A77C8D823B95E878035533EBCDB97FAD60063A72AD64CBA5CC523ABE7BAC4E48
src/skills/runner.ts,identical,E6CE17486FAD255D86DE4F2B99B8B3A133FA5EA14215D3D63B1C3F57414DC727,E6CE17486FAD255D86DE4F2B99B8B3A133FA5EA14215D3D63B1C3F57414DC727
src/skills/monthly-report-files.ts,identical,A0BDFE7EF87F1F424E01C428316AA00FAA681ABC1B36C244E1953F2D605725DE,A0BDFE7EF87F1F424E01C428316AA00FAA681ABC1B36C244E1953F2D605725DE
src/skills/mock-workflow.ts,identical,0A86D4DAEC3DAF714FE87CC6503844B332AE6A0D35DD7B8D42D0A2B37E7A97DF,0A86D4DAEC3DAF714FE87CC6503844B332AE6A0D35DD7B8D42D0A2B37E7A97DF
